name,gender
AAMIR,M
AARON,M
ABBEY,M
ABBIE,M
ABBOT,M
ABBOTT,M
ABBY,M
ABDEL,M
ABDUL,M
ABDULKARIM,M
ABDULLAH,M
ABE,M
ABEL,M
ABELARD,M
ABNER,M
ABRAHAM,M
ABRAM,M
ACE,M
ADAIR,M
ADAM,M
ADAMS,M
ADDIE,M
ADGER,M
ADITYA,M
ADLAI,M
ADNAN,M
ADOLF,M
ADOLFO,M
ADOLPH,M
ADOLPHE,M
ADOLPHO,M
ADOLPHUS,M
ADRIAN,M
ADRICK,M
ADRIEN,M
AGAMEMNON,M
AGUINALDO,M
AGUSTE,M
AGUSTIN,M
AHARON,M
AHMAD,M
AHMED,M
AHMET,M
AJAI,M
AJAY,M
AL,M
ALAA,M
ALAIN,M
ALAN,M
ALASDAIR,M
ALASTAIR,M
ALBATROS,M
ALBERT,M
ALBERTO,M
ALBRECHT,M
ALDEN,M
ALDIS,M
ALDO,M
ALDRIC,M
ALDRICH,M
ALDUS,M
ALDWIN,M
ALEC,M
ALECK,M
ALEJANDRO,M
ALEKS,M
ALEKSANDRS,M
ALESSANDRO,M
ALEX,M
ALEXANDER,M
ALEXEI,M
ALEXIS,M
ALF,M
ALFIE,M
ALFONSE,M
ALFONSO,M
ALFONZO,M
ALFORD,M
ALFRED,M
ALFREDO,M
ALGERNON,M
ALI,M
ALIC,M
ALISTER,M
ALIX,M
ALLAH,M
ALLAN,M
ALLEN,M
ALLEY,M
ALLIE,M
ALLIN,M
ALLYN,M
ALONSO,M
ALONZO,M
ALOYSIUS,M
ALPHONSE,M
ALPHONSO,M
ALSTON,M
ALTON,M
ALVIN,M
ALWIN,M
AMADEUS,M
AMBROS,M
AMBROSE,M
AMBROSI,M
AMBROSIO,M
AMBROSIUS,M
AMERY,M
AMORY,M
AMOS,M
ANATOL,M
ANATOLE,M
ANATOLLO,M
ANATOLY,M
ANDERS,M
ANDIE,M
ANDONIS,M
ANDRE,M
ANDREA,M
ANDREAS,M
ANDREJ,M
ANDRES,M
ANDREW,M
ANDREY,M
ANDRI,M
ANDROS,M
ANDRUS,M
ANDRZEJ,M
ANDY,M
ANGEL,M
ANGELICO,M
ANGELO,M
ANGIE,M
ANGUS,M
ANSEL,M
ANSELL,M
ANSELM,M
ANSON,M
ANTHONY,M
ANTIN,M
ANTOINE,M
ANTON,M
ANTONE,M
ANTONI,M
ANTONIN,M
ANTONINO,M
ANTONIO,M
ANTONIUS,M
ANTONY,M
ANURAG,M
APOLLO,M
APOSTOLOS,M
ARAM,M
ARCHIBALD,M
ARCHIBOLD,M
ARCHIE,M
ARCHON,M
ARCHY,M
AREL,M
ARI,M
ARIE,M
ARIEL,M
ARISTOTLE,M
ARLO,M
ARMAND,M
ARMANDO,M
ARMOND,M
ARMSTRONG,M
ARNE,M
ARNIE,M
ARNOLD,M
ARNOLDO,M
ARON,M
ARRON,M
ART,M
ARTHER,M
ARTHUR,M
ARTIE,M
ARTUR,M
ARTURO,M
ARVIE,M
ARVIN,M
ARVIND,M
ARVY,M
ASH,M
ASHBY,M
ASHISH,M
ASHLEY,M
ASHTON,M
AUB,M
AUBE,M
AUBERT,M
AUBREY,M
AUGIE,M
AUGUST,M
AUGUSTIN,M
AUGUSTINE,M
AUGUSTO,M
AUGUSTUS,M
AUSTEN,M
AUSTIN,M
AVE,M
AVERELL,M
AVERIL,M
AVERILL,M
AVERY,M
AVI,M
AVRAHAM,M
AVRAM,M
AVROM,M
AXEL,M
AYLMER,M
AZIZ,M
BAILEY,M
BAILIE,M
BAILLIE,M
BAILY,M
BAIRD,M
BALDWIN,M
BANCROFT,M
BARBABAS,M
BARCLAY,M
BARD,M
BARDE,M
BARN,M
BARNABAS,M
BARNABE,M
BARNABY,M
BARNARD,M
BARNEBAS,M
BARNETT,M
BARNEY,M
BARNIE,M
BARNY,M
BARON,M
BARR,M
BARRET,M
BARRETT,M
BARRI,M
BARRIE,M
BARRIS,M
BARRON,M
BARRY,M
BART,M
BARTEL,M
BARTH,M
BARTHEL,M
BARTHOLEMY,M
BARTHOLOMEO,M
BARTHOLOMEUS,M
BARTHOLOMEW,M
BARTIE,M
BARTLET,M
BARTLETT,M
BARTOLEMO,M
BARTOLOMEI,M
BARTOLOMEO,M
BARTON,M
BARTY,M
BARY,M
BASIL,M
BATHOLOMEW,M
BAXTER,M
BAY,M
BAYARD,M
BEALE,M
BEALLE,M
BEAR,M
BEARNARD,M
BEAU,M
BEAUFORT,M
BEAUREGARD,M
BECK,M
BELA,M
BEN,M
BENEDICT,M
BENGT,M
BENITO,M
BENJAMEN,M
BENJAMIN,M
BENJI,M
BENJIE,M
BENJY,M
BENN,M
BENNET,M
BENNETT,M
BENNIE,M
BENNY,M
BENSON,M
BENTLEY,M
BENTON,M
BEOWULF,M
BERCHTOLD,M
BERK,M
BERKE,M
BERKELEY,M
BERKIE,M
BERKLEY,M
BERNARD,M
BERNARDO,M
BERND,M
BERNHARD,M
BERNIE,M
BERT,M
BERTIE,M
BERTRAM,M
BERTRAND,M
BHARAT,M
BIFF,M
BILL,M
BILLIE,M
BILLY,M
BING,M
BINKY,M
BISHOP,M
BJORN,M
BJORNE,M
BLAINE,M
BLAIR,M
BLAKE,M
BLARE,M
BLAYNE,M
BO,M
BOB,M
BOBBIE,M
BOBBY,M
BOGART,M
BOGDAN,M
BONIFACE,M
BORIS,M
BOYCE,M
BOYD,M
BRAD,M
BRADEN,M
BRADFORD,M
BRADLEY,M
BRADLY,M
BRADY,M
BRANDON,M
BRANDY,M
BRANT,M
BRENDAN,M
BRENT,M
BRET,M
BRETT,M
BREWER,M
BREWSTER,M
BRIAN,M
BRICE,M
BRIGGS,M
BRINKLEY,M
BRITT,M
BROCK,M
BRODDIE,M
BRODDY,M
BRODERIC,M
BRODERICK,M
BRODIE,M
BRODY,M
BRONSON,M
BROOK,M
BROOKE,M
BROOKS,M
BRUCE,M
BRUNO,M
BRYAN,M
BRYANT,M
BRYCE,M
BRYN,M
BRYON,M
BUBBA,M
BUCK,M
BUCKY,M
BUD,M
BUDDY,M
BURGESS,M
BURKE,M
BURL,M
BURNABY,M
BURT,M
BURTON,M
BUSTER,M
BUTCH,M
BUTLER,M
BYRAM,M
BYRON,M
CAESAR,M
CAIN,M
CAL,M
CALDWELL,M
CALEB,M
CALHOUN,M
CALVIN,M
CAM,M
CAMERON,M
CAMMY,M
CAREY,M
CARL,M
CARLEIGH,M
CARLIE,M
CARLIN,M
CARLO,M
CARLOS,M
CARLTON,M
CARLYLE,M
CARMINE,M
CARROLL,M
CARSON,M
CARSTEN,M
CARTER,M
CARY,M
CARYL,M
CASE,M
CASEY,M
CASPAR,M
CASPER,M
CASS,M
CAT,M
CECIL,M
CESAR,M
CHAD,M
CHADD,M
CHADDIE,M
CHADDY,M
CHADWICK,M
CHAIM,M
CHALMERS,M
CHAN,M
CHANCE,M
CHANCEY,M
CHANDERJIT,M
CHANDLER,M
CHANE,M
CHARIOT,M
CHARLES,M
CHARLETON,M
CHARLEY,M
CHARLIE,M
CHARLTON,M
CHAS,M
CHASE,M
CHAUNCE,M
CHAUNCEY,M
CHE,M
CHELTON,M
CHEN,M
CHESTER,M
CHESTON,M
CHET,M
CHEV,M
CHEVALIER,M
CHEVY,M
CHIP,M
CHRIS,M
CHRISSY,M
CHRIST,M
CHRISTIAN,M
CHRISTIANO,M
CHRISTIE,M
CHRISTOF,M
CHRISTOFER,M
CHRISTOPH,M
CHRISTOPHE,M
CHRISTOPHER,M
CHRISTORPHER,M
CHRISTOS,M
CHRISTY,M
CHRISY,M
CHUCK,M
CHURCHILL,M
CLAIR,M
CLAIRE,M
CLANCY,M
CLARANCE,M
CLARE,M
CLARENCE,M
CLARK,M
CLARKE,M
CLAUDE,M
CLAUDIO,M
CLAUDIUS,M
CLAUS,M
CLAY,M
CLAYBORN,M
CLAYBORNE,M
CLAYBOURNE,M
CLAYTON,M
CLELAND,M
CLEM,M
CLEMENS,M
CLEMENT,M
CLEMENTE,M
CLEMMIE,M
CLETUS,M
CLEVELAND,M
CLIFF,M
CLIFFORD,M
CLIFTON,M
CLINT,M
CLINTEN,M
CLINTON,M
CLIVE,M
CLYDE,M
COB,M
COBB,M
COBBIE,M
COBBY,M
CODY,M
COLBERT,M
COLE,M
COLEMAN,M
COLIN,M
COLLIN,M
COLLINS,M
CONAN,M
CONNIE,M
CONNOLLY,M
CONNOR,M
CONRAD,M
CONROY,M
CONSTANTIN,M
CONSTANTINE,M
CONSTANTINOS,M
CONWAY,M
COOPER,M
CORBIN,M
CORBY,M
COREY,M
CORKY,M
CORNELIUS,M
CORNELLIS,M
CORRIE,M
CORTESE,M
CORWIN,M
CORY,M
COSMO,M
COSTA,M
COURTNEY,M
CRAIG,M
CRAWFORD,M
CREIGHTON,M
CRIS,M
CRISTOPHER,M
CURT,M
CURTICE,M
CURTIS,M
CY,M
CYRIL,M
CYRILL,M
CYRILLE,M
CYRILLUS,M
CYRUS,M
DABNEY,M
DAFFY,M
DALE,M
DALLAS,M
DALTON,M
DAMIAN,M
DAMIEN,M
DAMON,M
DAN,M
DANA,M
DANE,M
DANI,M
DANIE,M
DANIEL,M
DANNIE,M
DANNY,M
DANTE,M
DARBY,M
DARCY,M
DAREN,M
DARIAN,M
DARIEN,M
DARIN,M
DARIO,M
DARIUS,M
DARREL,M
DARRELL,M
DARREN,M
DARRICK,M
DARRIN,M
DARRYL,M
DARTH,M
DARWIN,M
DARYL,M
DARYLE,M
DAVE,M
DAVEY,M
DAVID,M
DAVIDDE,M
DAVIDE,M
DAVIDSON,M
DAVIE,M
DAVIN,M
DAVIS,M
DAVON,M
DAVOUD,M
DAVY,M
DAWSON,M
DEAN,M
DEANE,M
DEL,M
DELBERT,M
DELL,M
DELMAR,M
DEMETRE,M
DEMETRI,M
DEMETRIS,M
DEMETRIUS,M
DEMOSTHENIS,M
DENIS,M
DENNIE,M
DENNIS,M
DENNY,M
DERBY,M
DEREK,M
DERICK,M
DERK,M
DERREK,M
DERRICK,M
DERRIN,M
DERROL,M
DERRON,M
DERYL,M
DESMOND,M
DESMUND,M
DEVIN,M
DEVON,M
DEWEY,M
DEWITT,M
DEXTER,M
DICK,M
DICKEY,M
DICKIE,M
DIEGO,M
DIETER,M
DIETRICH,M
DILLON,M
DIMITRI,M
DIMITRIOS,M
DIMITRIS,M
DIMITROU,M
DIMITRY,M
DINO,M
DION,M
DIONIS,M
DIONYSUS,M
DIRK,M
DMITRI,M
DOM,M
DOMENIC,M
DOMENICO,M
DOMINIC,M
DOMINICK,M
DOMINIQUE,M
DON,M
DONAL,M
DONALD,M
DONN,M
DONNIE,M
DONNY,M
DONOVAN,M
DORIAN,M
DORY,M
DOUG,M
DOUGGIE,M
DOUGIE,M
DOUGLAS,M
DOUGLASS,M
DOUGLIS,M
DOV,M
DOYLE,M
DRAKE,M
DREW,M
DRU,M
DRYKE,M
DUANE,M
DUDLEY,M
DUFFIE,M
DUFFY,M
DUGAN,M
DUKE,M
DUNC,M
DUNCAN,M
DUNSTAN,M
DURAND,M
DURANT,M
DURANTE,M
DURWARD,M
DUSTIN,M
DWAIN,M
DWAINE,M
DWANE,M
DWAYNE,M
DWIGHT,M
DYLAN,M
DYSON,M
EARL,M
EARLE,M
EASTON,M
EBEN,M
EBENESER,M
EBENEZER,M
EBERHARD,M
ED,M
EDDIE,M
EDDY,M
EDGAR,M
EDGARDO,M
EDIE,M
EDMOND,M
EDMUND,M
EDOUARD,M
EDSEL,M
EDUARD,M
EDUARDO,M
EDWARD,M
EDWIN,M
EFRAM,M
EGBERT,M
EHUD,M
ELBERT,M
ELDEN,M
ELDON,M
ELI,M
ELIAS,M
ELIHU,M
ELIJAH,M
ELIOT,M
ELIOTT,M
ELISHA,M
ELLIOT,M
ELLIOTT,M
ELLIS,M
ELLSWORTH,M
ELLWOOD,M
ELMER,M
ELMORE,M
ELNAR,M
ELRIC,M
ELROY,M
ELTON,M
ELVIN,M
ELVIS,M
ELWIN,M
ELWOOD,M
ELWYN,M
ELY,M
EMANUEL,M
EMERSON,M
EMERY,M
EMIL,M
EMILE,M
EMILIO,M
EMMANUEL,M
EMMERY,M
EMMET,M
EMMETT,M
EMMIT,M
EMMOTT,M
EMMY,M
EMORY,M
ENDER,M
ENGELBART,M
ENGELBERT,M
ENGLEBART,M
ENGLEBERT,M
ENOCH,M
ENRICO,M
ENRIQUE,M
EPHRAIM,M
EPHRAM,M
EPHRAYIM,M
EPHREM,M
ER,M
ERASMUS,M
ERASTUS,M
EREK,M
ERHARD,M
ERHART,M
ERIC,M
ERICH,M
ERICK,M
ERIK,M
ERIN,M
ERL,M
ERNEST,M
ERNESTO,M
ERNIE,M
ERNST,M
ERNY,M
ERROL,M
ERVIN,M
ERWIN,M
ESAU,M
ESME,M
ESTEBAN,M
ETHAN,M
ETHELBERT,M
ETHELRED,M
ETIENNE,M
EUCLID,M
EUGEN,M
EUGENE,M
EUSTACE,M
EV,M
EVAN,M
EVELYN,M
EVERARD,M
EVERETT,M
EWAN,M
EWART,M
EZ,M
EZECHIEL,M
EZEKIEL,M
EZRA,M
FABIAN,M
FABIO,M
FAIRFAX,M
FARLEY,M
FAZEEL,M
FEDERICO,M
FELICE,M
FELICIO,M
FELIPE,M
FELIX,M
FERD,M
FERDIE,M
FERDINAND,M
FERDY,M
FERGUS,M
FERGUSON,M
FERINAND,M
FERNANDO,M
FIDEL,M
FILBERT,M
FILIP,M
FILIPE,M
FILMORE,M
FINLEY,M
FINN,M
FITZ,M
FITZGERALD,M
FLEM,M
FLEMING,M
FLEMMING,M
FLETCH,M
FLETCHER,M
FLIN,M
FLINN,M
FLINT,M
FLIPPER,M
FLORIAN,M
FLOYD,M
FLYNN,M
FONS,M
FONSIE,M
FONZ,M
FONZIE,M
FORBES,M
FORD,M
FOREST,M
FORESTER,M
FORREST,M
FORRESTER,M
FORSTER,M
FOSTER,M
FOWLER,M
FOX,M
FRAN,M
FRANCESCO,M
FRANCIS,M
FRANCISCO,M
FRANCOIS,M
FRANK,M
FRANKIE,M
FRANKLIN,M
FRANKLYN,M
FRANKY,M
FRANS,M
FRANZ,M
FRASER,M
FRAZIER,M
FRED,M
FREDDIE,M
FREDDY,M
FREDERIC,M
FREDERICH,M
FREDERICK,M
FREDERICO,M
FREDERIK,M
FREDRIC,M
FREDRICK,M
FREEMAN,M
FREEMON,M
FREMONT,M
FRENCH,M
FRIEDRIC,M
FRIEDRICH,M
FRIEDRICK,M
FRITZ,M
FULTON,M
FYODOR,M
GABE,M
GABRIEL,M
GABRIELE,M
GABRIELL,M
GABRIELLO,M
GAIL,M
GALE,M
GALEN,M
GALLAGHER,M
GAMALIEL,M
GARCIA,M
GARCON,M
GARDENER,M
GARDINER,M
GARDNER,M
GAREY,M
GARFIELD,M
GARFINKEL,M
GAROLD,M
GARP,M
GARRET,M
GARRETT,M
GARROT,M
GARROTT,M
GARRY,M
GARTH,M
GARV,M
GARVEY,M
GARVIN,M
GARVY,M
GARWIN,M
GARWOOD,M
GARY,M
GASPAR,M
GASPER,M
GASTON,M
GAV,M
GAVEN,M
GAVIN,M
GAVRIEL,M
GAY,M
GAYLE,M
GEARARD,M
GENE,M
GEO,M
GEOF,M
GEOFF,M
GEOFFREY,M
GEOFFRY,M
GEORG,M
GEORGE,M
GEORGES,M
GEORGIA,M
GEORGIE,M
GEORGY,M
GERALD,M
GERALDO,M
GERARD,M
GERE,M
GERHARD,M
GERHARDT,M
GERI,M
GERMAINE,M
GEROLD,M
GEROME,M
GERRARD,M
GERRI,M
GERRIT,M
GERRY,M
GERSHOM,M
GERSHON,M
GIACOMO,M
GIAN,M
GIANCARLO,M
GIAVANI,M
GIBB,M
GIDEON,M
GIFF,M
GIFFARD,M
GIFFER,M
GIFFIE,M
GIFFORD,M
GIFFY,M
GIL,M
GILBERT,M
GILBERTO,M
GILBURT,M
GILES,M
GILL,M
GILLES,M
GINGER,M
GINO,M
GIORDANO,M
GIORGI,M
GIORGIO,M
GIOVANNE,M
GIOVANNI,M
GIRALDO,M
GIRAUD,M
GIUSEPPE,M
GLEN,M
GLENN,M
GLYNN,M
GODARD,M
GODART,M
GODDARD,M
GODDART,M
GODFREE,M
GODFREY,M
GODFRY,M
GODWIN,M
GOMER,M
GONZALES,M
GONZALO,M
GOOBER,M
GOOSE,M
GORDAN,M
GORDIE,M
GORDON,M
GRACE,M
GRADY,M
GRAEHME,M
GRAEME,M
GRAHAM,M
GRAIG,M
GRANT,M
GRANVILLE,M
GREG,M
GREGG,M
GREGGORY,M
GREGOR,M
GREGORIO,M
GREGORY,M
GRETCHEN,M
GRIFF,M
GRIFFIN,M
GRIFFITH,M
GRISWOLD,M
GROVE,M
GROVER,M
GUIDO,M
GUILLAUME,M
GUILLERMO,M
GUNNER,M
GUNTER,M
GUNTHER,M
GUS,M
GUSTAF,M
GUSTAV,M
GUSTAVE,M
GUSTAVO,M
GUSTAVUS,M
GUTHREY,M
GUTHRIE,M
GUTHRY,M
GUY,M
HADLEIGH,M
HADLEY,M
HADRIAN,M
HAGAN,M
HAGEN,M
HAILEY,M
HAKEEM,M
HAKIM,M
HAL,M
HALE,M
HALEIGH,M
HALEY,M
HALL,M
HALLAM,M
HALVARD,M
HAM,M
HAMEL,M
HAMID,M
HAMIL,M
HAMILTON,M
HAMISH,M
HAMLEN,M
HAMLET,M
HAMLIN,M
HAMMAD,M
HAMNET,M
HAN,M
HANAN,M
HANFORD,M
HANK,M
HANNIBAL,M
HANS,M
HANS-PETER,M
HANSEL,M
HANSON,M
HARALD,M
HARCOURT,M
HARI,M
HARLAN,M
HARLAND,M
HARLEY,M
HARLIN,M
HARMAN,M
HARMON,M
HAROLD,M
HARRIS,M
HARRISON,M
HARROLD,M
HARRY,M
HART,M
HARTLEY,M
HARTWELL,M
HARV,M
HARVARD,M
HARVEY,M
HARVIE,M
HARWELL,M
HASHEEM,M
HASHIM,M
HASKEL,M
HASKELL,M
HASSAN,M
HASTINGS,M
HASTY,M
HAVEN,M
HAYDEN,M
HAYDON,M
HAYES,M
HAYWARD,M
HAYWOOD,M
HAZEL,M
HEATH,M
HEATHCLIFF,M
HEBERT,M
HECTOR,M
HEINRICH,M
HEINZ,M
HELMUTH,M
HENDERSON,M
HENDRICK,M
HENDRIK,M
HENRI,M
HENRIE,M
HENRIK,M
HENRIQUE,M
HENRY,M
HERB,M
HERBERT,M
HERBIE,M
HERBY,M
HERCULE,M
HERCULES,M
HERCULIE,M
HERMAN,M
HERMANN,M
HERMON,M
HERMY,M
HERNANDO,M
HEROLD,M
HERRICK,M
HERRMANN,M
HERSCH,M
HERSCHEL,M
HERSH,M
HERSHEL,M
HERVE,M
HERVEY,M
HEW,M
HEWE,M
HEWET,M
HEWETT,M
HEWIE,M
HEWITT,M
HEYWOOD,M
HEZEKIAH,M
HIGGINS,M
HILARY,M
HILBERT,M
HILL,M
HILLARD,M
HILLARY,M
HILLEL,M
HILLERY,M
HILLIARD,M
HILTON,M
HIRALAL,M
HIRAM,M
HIRO,M
HIRSCH,M
HOBART,M
HODGE,M
HOGAN,M
HOLLIS,M
HOLLY,M
HOMER,M
HORACE,M
HORACIO,M
HORATIO,M
HORATIUS,M
HORST,M
HOWARD,M
HOWIE,M
HOYT,M
HUBERT,M
HUDSON,M
HUEY,M
HUGH,M
HUGO,M
HUMBERT,M
HUMPHREY,M
HUNT,M
HUNTER,M
HUNTINGTON,M
HUNTLEE,M
HUNTLEY,M
HURLEY,M
HUSAIN,M
HUSEIN,M
HUSSEIN,M
HY,M
HYATT,M
HYMAN,M
HYMIE,M
IAGO,M
IAIN,M
IAN,M
IBRAHIM,M
ICHABOD,M
IGGIE,M
IGGY,M
IGNACE,M
IGNACIO,M
IGNACIUS,M
IGNATIUS,M
IGNAZ,M
IGNAZIO,M
IGOR,M
IKE,M
IKEY,M
IMMANUEL,M
INGAMAR,M
INGELBERT,M
INGEMAR,M
INGLEBERT,M
INGMAR,M
INGRAM,M
INIGO,M
IRA,M
IRVIN,M
IRVINE,M
IRVING,M
IRWIN,M
ISA,M
ISAAC,M
ISAAK,M
ISADOR,M
ISADORE,M
ISAIAH,M
ISHMAEL,M
ISIDORE,M
ISMAIL,M
ISRAEL,M
ISTVAN,M
IVAN,M
IVOR,M
IZAAK,M
IZAK,M
IZZY,M
JABEZ,M
JACK,M
JACKIE,M
JACKSON,M
JACOB,M
JACQUES,M
JAE,M
JAIME,M
JAKE,M
JAKOB,M
JAMES,M
JAMESON,M
JAMEY,M
JAMIE,M
JAN,M
JANOS,M
JANUS,M
JARED,M
JARRETT,M
JARVIS,M
JASON,M
JASPER,M
JAVIER,M
JAY,M
JEAN,M
JEAN-CHRISTOPHE,M
JEAN-FRANCOIS,M
JEAN-LOU,M
JEAN-LUC,M
JEAN-MARC,M
JEAN-PAUL,M
JEAN-PIERRE,M
JEB,M
JED,M
JEDEDIAH,M
JEF,M
JEFF,M
JEFFEREY,M
JEFFERSON,M
JEFFERY,M
JEFFIE,M
JEFFREY,M
JEFFRY,M
JEFRY,M
JEHU,M
JENNINGS,M
JENS,M
JEPHTHAH,M
JERALD,M
JERAMIE,M
JERE,M
JEREME,M
JEREMIAH,M
JEREMIAS,M
JEREMIE,M
JEREMY,M
JERMAIN,M
JERMAINE,M
JERMAYNE,M
JEROLD,M
JEROME,M
JEROMY,M
JERRI,M
JERRIE,M
JERROLD,M
JERROME,M
JERRY,M
JERVIS,M
JERZY,M
JESS,M
JESSE,M
JESSEE,M
JESSEY,M
JESSIE,M
JESUS,M
JETH,M
JETHRO,M
JIM,M
JIMBO,M
JIMMIE,M
JIMMY,M
JO,M
JOAB,M
JOACHIM,M
JOAO,M
JOAQUIN,M
JOB,M
JOCK,M
JODI,M
JODIE,M
JODY,M
JOE,M
JOEL,M
JOEY,M
JOHAN,M
JOHANN,M
JOHANNES,M
JOHN,M
JOHN-DAVID,M
JOHN-PATRICK,M
JOHNATHAN,M
JOHNATHON,M
JOHNNIE,M
JOHNNY,M
JOHNY,M
JON,M
JONAH,M
JONAS,M
JONATHAN,M
JONATHON,M
JONNY,M
JORDAN,M
JORDON,M
JORDY,M
JORGE,M
JORY,M
JOSE,M
JOSEF,M
JOSEPH,M
JOSEPHUS,M
JOSH,M
JOSHUA,M
JOSHUAH,M
JOSIAH,M
JOTHAM,M
JUAN,M
JUANITA,M
JUD,M
JUDAH,M
JUDAS,M
JUDD,M
JUDE,M
JUDITH,M
JUDSON,M
JUDY,M
JUERGEN,M
JULE,M
JULES,M
JULIAN,M
JULIE,M
JULIO,M
JULIUS,M
JUSTIN,M
JUSTIS,M
KAISER,M
KALEB,M
KALIL,M
KALLE,M
KALMAN,M
KALVIN,M
KAM,M
KANE,M
KAREEM,M
KAREL,M
KARIM,M
KARL,M
KARSTEN,M
KASPAR,M
KEEFE,M
KEENAN,M
KEENE,M
KEIL,M
KEITH,M
KELLEN,M
KELLEY,M
KELLY,M
KELSEY,M
KELVIN,M
KELWIN,M
KEN,M
KENDAL,M
KENDALL,M
KENDRICK,M
KENN,M
KENNEDY,M
KENNETH,M
KENNY,M
KENT,M
KENTON,M
KENYON,M
KERMIE,M
KERMIT,M
KERRY,M
KEVAN,M
KEVIN,M
KIM,M
KIMBALL,M
KIMMO,M
KIN,M
KINCAID,M
KING,M
KINGSLEY,M
KINGSLY,M
KINGSTON,M
KIP,M
KIRBY,M
KIRK,M
KIT,M
KLAUS,M
KLEE,M
KNOX,M
KONRAD,M
KONSTANTIN,M
KORY,M
KOSTAS,M
KRAIG,M
KRIS,M
KRISHNA,M
KRISTIAN,M
KRISTOPHER,M
KRISTOS,M
KURT,M
KURTIS,M
KYLE,M
LAIRD,M
LAMAR,M
LAMBERT,M
LAMONT,M
LANCE,M
LANCELOT,M
LANE,M
LANGSTON,M
LANNY,M
LARRY,M
LARS,M
LAURANCE,M
LAUREN,M
LAURENCE,M
LAURENS,M
LAURENT,M
LAURIE,M
LAWERENCE,M
LAWRENCE,M
LAWSON,M
LAWTON,M
LAY,M
LAYTON,M
LAZAR,M
LAZARE,M
LAZARO,M
LAZARUS,M
LAZLO,M
LEE,M
LEFTY,M
LEIF,M
LEIGH,M
LEIGHTON,M
LELAND,M
LEM,M
LEMAR,M
LEMMIE,M
LEMMY,M
LEMUEL,M
LEN,M
LENARD,M
LENNIE,M
LENNY,M
LEO,M
LEON,M
LEONARD,M
LEONARDO,M
LEONERD,M
LEONHARD,M
LEONID,M
LEONIDAS,M
LEOPOLD,M
LEROY,M
LES,M
LESLEY,M
LESLIE,M
LESTER,M
LEV,M
LEVI,M
LEVIN,M
LEVON,M
LEVY,M
LEW,M
LEWIS,M
LEX,M
LIAM,M
LIN,M
LINCOLN,M
LIND,M
LINDSAY,M
LINDSEY,M
LINDY,M
LINOEL,M
LINUS,M
LION,M
LIONEL,M
LIONELLO,M
LLEWELLYN,M
LLOYD,M
LOCKE,M
LOCKWOOD,M
LOGAN,M
LON,M
LONNIE,M
LONNY,M
LOREN,M
LORENZO,M
LORNE,M
LORRIE,M
LOTHAR,M
LOU,M
LOUIE,M
LOUIS,M
LOVELL,M
LOWELL,M
LUCAS,M
LUCE,M
LUCIAN,M
LUCIANO,M
LUCIEN,M
LUCIO,M
LUCIUS,M
LUDVIG,M
LUDWIG,M
LUIGI,M
LUIS,M
LUKAS,M
LUKE,M
LUTHER,M
LYLE,M
LYN,M
LYNDON,M
LYNN,M
MAC,M
MACE,M
MACK,M
MACKENZIE,M
MADDIE,M
MADDY,M
MADISON,M
MAGNUM,M
MAGNUS,M
MAHESH,M
MAHMOUD,M
MAHMUD,M
MAISON,M
MAJOR,M
MALCOLM,M
MANFRED,M
MANISH,M
MANNY,M
MANUEL,M
MARC,M
MARCEL,M
MARCELLO,M
MARCELLUS,M
MARCELO,M
MARCHALL,M
MARCIO,M
MARCO,M
MARCOS,M
MARCUS,M
MARIETTA,M
MARILU,M
MARIO,M
MARION,M
MARIUS,M
MARK,M
MARKO,M
MARKOS,M
MARKUS,M
MARLIN,M
MARLO,M
MARLON,M
MARLOW,M
MARLOWE,M
MARMADUKE,M
MARSH,M
MARSHAL,M
MARSHALL,M
MART,M
MARTAINN,M
MARTEN,M
MARTIE,M
MARTIN,M
MARTINO,M
MARTY,M
MARTYN,M
MARV,M
MARVE,M
MARVEN,M
MARVIN,M
MARWIN,M
MASON,M
MATEO,M
MATHEW,M
MATHIAS,M
MATIAS,M
MATT,M
MATTEO,M
MATTHAEUS,M
MATTHEUS,M
MATTHEW,M
MATTHIAS,M
MATTHIEU,M
MATTHIEW,M
MATTHUS,M
MATTIAS,M
MATTIE,M
MATTY,M
MAURICE,M
MAURICIO,M
MAURIE,M
MAURISE,M
MAURITS,M
MAURITZ,M
MAURY,M
MAX,M
MAXFIELD,M
MAXIE,M
MAXIM,M
MAXIMILIAN,M
MAXIMILIEN,M
MAXWELL,M
MAYER,M
MAYNARD,M
MAYNORD,M
MAYOR,M
MEAD,M
MEADE,M
MEIER,M
MEIR,M
MEL,M
MELVIN,M
MELVYN,M
MENARD,M
MENDEL,M
MENDIE,M
MEREDETH,M
MEREDITH,M
MERELL,M
MERILL,M
MERLE,M
MERLIN,M
MERREL,M
MERRICK,M
MERRIL,M
MERRILL,M
MERRY,M
MERV,M
MERVIN,M
MERWIN,M
MERYL,M
MEYER,M
MIC,M
MICAH,M
MICHAEL,M
MICHAIL,M
MICHAL,M
MICHALE,M
MICHEAL,M
MICHEIL,M
MICHEL,M
MICHELE,M
MICK,M
MICKEY,M
MICKIE,M
MICKY,M
MIGUEL,M
MIKA,M
MIKAEL,M
MIKE,M
MIKEL,M
MIKEY,M
MIKHAIL,M
MILES,M
MILLICENT,M
MILO,M
MILT,M
MILTON,M
MISCHA,M
MITCH,M
MITCHAEL,M
MITCHEL,M
MITCHELL,M
MOE,M
MOHAMAD,M
MOHAMED,M
MOHAMMAD,M
MOHAMMED,M
MOHAN,M
MOISE,M
MOISES,M
MOISHE,M
MONROE,M
MONTAGUE,M
MONTE,M
MONTGOMERY,M
MONTY,M
MOORE,M
MORDECAI,M
MORGAN,M
MORLEE,M
MORLEY,M
MORLY,M
MORRIE,M
MORRIS,M
MORRY,M
MORSE,M
MORT,M
MORTEN,M
MORTIE,M
MORTIMER,M
MORTON,M
MORTY,M
MOSE,M
MOSES,M
MOSHE,M
MOSS,M
MUFFIN,M
MUGSY,M
MUHAMMAD,M
MUNMRO,M
MUNROE,M
MURDOCH,M
MURDOCK,M
MURPHY,M
MURRAY,M
MUSTAFA,M
MYKE,M
MYLES,M
MYLO,M
MYRON,M
NAHUM,M
NAPOLEON,M
NAT,M
NATALE,M
NATE,M
NATHAN,M
NATHANAEL,M
NATHANIAL,M
NATHANIEL,M
NATHANIL,M
NEAL,M
NEALE,M
NEALL,M
NEALON,M
NEALSON,M
NEALY,M
NED,M
NEDDIE,M
NEDDY,M
NEEL,M
NEIL,M
NELS,M
NELSEN,M
NELSON,M
NERO,M
NERON,M
NESTER,M
NESTOR,M
NEV,M
NEVIL,M
NEVILE,M
NEVILLE,M
NEVIN,M
NEVINS,M
NEWTON,M
NIALL,M
NICCOLO,M
NICHOLAS,M
NICHOLE,M
NICHOLS,M
NICK,M
NICKEY,M
NICKIE,M
NICKOLAS,M
NICKY,M
NICO,M
NICOLAS,M
NIELS,M
NIGEL,M
NIKI,M
NIKITA,M
NIKKI,M
NIKOLAI,M
NIKOS,M
NILES,M
NILS,M
NILSON,M
NIVEN,M
NOACH,M
NOAH,M
NOAM,M
NOBLE,M
NOE,M
NOEL,M
NOLAN,M
NOLAND,M
NORBERT,M
NORM,M
NORMAN,M
NORMAND,M
NORMIE,M
NORRIS,M
NORTHROP,M
NORTHRUP,M
NORTON,M
NORWOOD,M
NUNZIO,M
OBADIAH,M
OBADIAS,M
OBERON,M
OBIE,M
OCTAVIUS,M
ODELL,M
ODIE,M
ODIN,M
ODYSSEUS,M
OLAF,M
OLAG,M
OLE,M
OLEG,M
OLIN,M
OLIVER,M
OLIVIER,M
OLLE,M
OLLIE,M
OMAR,M
ORAL,M
ORAN,M
ORAZIO,M
ORBADIAH,M
OREN,M
ORIN,M
ORION,M
ORLANDO,M
ORREN,M
ORRIN,M
ORSON,M
ORTON,M
ORVILLE,M
OSBERT,M
OSBORN,M
OSBORNE,M
OSBOURN,M
OSBOURNE,M
OSCAR,M
OSGOOD,M
OSMOND,M
OSMUND,M
OSSIE,M
OSWALD,M
OSWELL,M
OTES,M
OTHELLO,M
OTHO,M
OTIS,M
OTTO,M
OWEN,M
OZZIE,M
OZZY,M
PABLO,M
PACE,M
PACO,M
PADDIE,M
PADDY,M
PADRAIG,M
PAGE,M
PAIGE,M
PAIL,M
PALMER,M
PAOLO,M
PARK,M
PARKE,M
PARKER,M
PARNELL,M
PARRNELL,M
PARRY,M
PARSIFAL,M
PARTHA,M
PASCAL,M
PASCALE,M
PASQUALE,M
PAT,M
PATE,M
PATEL,M
PATEN,M
PATIN,M
PATON,M
PATRIC,M
PATRICE,M
PATRICIO,M
PATRICK,M
PATRIK,M
PATSY,M
PATTIE,M
PATTY,M
PAUL,M
PAULO,M
PAVEL,M
PEARCE,M
PEDRO,M
PEIRCE,M
PEMBROKE,M
PEN,M
PENN,M
PENNIE,M
PENNY,M
PENROD,M
PEPE,M
PEPILLO,M
PEPITO,M
PERCEVAL,M
PERCIVAL,M
PERCY,M
PERRY,M
PETE,M
PETER,M
PETEY,M
PETR,M
PEYTER,M
PEYTON,M
PHIL,M
PHILBERT,M
PHILIP,M
PHILLIP,M
PHILLIPE,M
PHILLIPP,M
PHINEAS,M
PHIP,M
PIERCE,M
PIERRE,M
PIERSON,M
PIET,M
PIETER,M
PIETRO,M
PIGGY,M
PINCAS,M
PINCHAS,M
PINCUS,M
PIOTR,M
PIP,M
PLATO,M
POOH,M
PORTER,M
POUL,M
POWELL,M
PRANEETF,M
PRASAD,M
PRASUN,M
PRENT,M
PRENTICE,M
PRENTISS,M
PRESCOTT,M
PRESTON,M
PRICE,M
PRINCE,M
PRYCE,M
PUFF,M
PURCELL,M
PUTNAM,M
PYOTR,M
QUENT,M
QUENTIN,M
QUIGGLY,M
QUIGLY,M
QUIGMAN,M
QUILL,M
QUILLAN,M
QUINCEY,M
QUINCY,M
QUINLAN,M
QUINN,M
QUINT,M
QUINTIN,M
QUINTON,M
QUINTUS,M
RAB,M
RABBI,M
RABI,M
RAD,M
RADCLIFFE,M
RAFAEL,M
RAFE,M
RAGNAR,M
RAHUL,M
RAIMUND,M
RAINER,M
RAJ,M
RAJEEV,M
RALEIGH,M
RALF,M
RALPH,M
RAM,M
RAMESH,M
RAMON,M
RAMSAY,M
RAMSEY,M
RAND,M
RANDAL,M
RANDALL,M
RANDELL,M
RANDI,M
RANDIE,M
RANDOLF,M
RANDOLPH,M
RANDY,M
RANSELL,M
RANSOM,M
RAOUL,M
RAPHAEL,M
RAUL,M
RAVI,M
RAVIL,M
RAWLEY,M
RAY,M
RAYMOND,M
RAYMUND,M
RAYMUNDO,M
RAYNARD,M
RAYNER,M
RAYNOR,M
REAGAN,M
RED,M
REDFORD,M
REDMOND,M
REECE,M
REED,M
REES,M
REESE,M
REG,M
REGAN,M
REGEN,M
REGGIE,M
REGGIS,M
REGGY,M
REGINALD,M
REGINAULD,M
REID,M
REILLY,M
REINHARD,M
REINHOLD,M
REM,M
REMINGTON,M
REMUS,M
RENADO,M
RENALDO,M
RENARD,M
RENATO,M
RENAUD,M
RENAULT,M
RENE,M
REUBE,M
REUBEN,M
REUVEN,M
REX,M
REY,M
REYNARD,M
REYNOLD,M
REYNOLDS,M
REZA,M
RHETT,M
RIC,M
RICARD,M
RICARDO,M
RICCARDO,M
RICE,M
RICH,M
RICHARD,M
RICHARDO,M
RICHIE,M
RICHMOND,M
RICHY,M
RICK,M
RICKARD,M
RICKEY,M
RICKI,M
RICKIE,M
RICKY,M
RIK,M
RIKKI,M
RILEY,M
RINALDO,M
RIPLEY,M
RITCH,M
RITCHIE,M
ROARKE,M
ROB,M
ROBB,M
ROBBERT,M
ROBBIE,M
ROBERT,M
ROBERTO,M
ROBIN,M
ROBINSON,M
ROCHESTER,M
ROCK,M
ROCKWELL,M
ROCKY,M
ROD,M
RODD,M
RODDIE,M
RODDY,M
RODERIC,M
RODERICH,M
RODERICK,M
RODERIGO,M
RODGE,M
RODGER,M
RODNEY,M
RODOLFO,M
RODOLPH,M
RODOLPHE,M
RODRICK,M
RODRIGO,M
RODRIQUE,M
ROG,M
ROGER,M
ROGERS,M
ROICE,M
ROLAND,M
ROLANDO,M
ROLF,M
ROLFE,M
ROLLAND,M
ROLLIN,M
ROLLINS,M
ROLLO,M
ROLPH,M
ROMAIN,M
ROMAN,M
ROMEO,M
RON,M
RONALD,M
RONEN,M
RONI,M
RONNIE,M
RONNY,M
ROOSEVELT,M
RORY,M
ROSCOE,M
ROSS,M
ROTH,M
ROURKE,M
ROWLAND,M
ROY,M
ROYAL,M
ROYCE,M
RUBE,M
RUBEN,M
RUBIN,M
RUBY,M
RUDD,M
RUDDIE,M
RUDDY,M
RUDIE,M
RUDIGER,M
RUDOLF,M
RUDOLFO,M
RUDOLPH,M
RUDY,M
RUDYARD,M
RUFE,M
RUFUS,M
RUPERT,M
RUPERTO,M
RUSS,M
RUSSEL,M
RUSSELL,M
RUSTIE,M
RUSTIN,M
RUSTY,M
RUTGER,M
RUTHERFORD,M
RUTLEDGE,M
RUTTER,M
RYAN,M
SAL,M
SALEM,M
SALIM,M
SALMAN,M
SALMON,M
SALOMO,M
SALOMON,M
SALOMONE,M
SALVADOR,M
SALVATORE,M
SALVIDOR,M
SAM,M
SAMMIE,M
SAMMY,M
SAMPSON,M
SAMSON,M
SAMUEL,M
SAMUELE,M
SANCHO,M
SANDER,M
SANDERS,M
SANDERSON,M
SANDOR,M
SANDRO,M
SANDY,M
SANFORD,M
SANSON,M
SANSONE,M
SARGE,M
SARGENT,M
SASCHA,M
SASHA,M
SAUL,M
SAUNCHO,M
SAUNDER,M
SAUNDERS,M
SAUNDERSON,M
SAUNDRA,M
SAW,M
SAWYER,M
SAWYERE,M
SAX,M
SAXE,M
SAXON,M
SAY,M
SAYER,M
SAYERS,M
SAYRE,M
SAYRES,M
SCARFACE,M
SCHROEDER,M
SCHUYLER,M
SCOT,M
SCOTT,M
SCOTTI,M
SCOTTIE,M
SCOTTY,M
SEAMUS,M
SEAN,M
SEBASTIAN,M
SEBASTIANO,M
SEBASTIEN,M
SEE,M
SELBY,M
SELIG,M
SERGE,M
SERGEANT,M
SERGEI,M
SERGENT,M
SERGIO,M
SETH,M
SEYMOUR,M
SHADOW,M
SHAINE,M
SHALOM,M
SHAMUS,M
SHANAN,M
SHANE,M
SHANNAN,M
SHANNON,M
SHAUGHN,M
SHAUN,M
SHAW,M
SHAWN,M
SHAY,M
SHAYNE,M
SHEA,M
SHEFF,M
SHEFFIE,M
SHEFFIELD,M
SHEFFY,M
SHELBY,M
SHELDEN,M
SHELDON,M
SHELL,M
SHELLEY,M
SHELTON,M
SHEM,M
SHEP,M
SHEPARD,M
SHEPHERD,M
SHEPPARD,M
SHEPPERD,M
SHERIDAN,M
SHERLOCK,M
SHERLOCKE,M
SHERMAN,M
SHERWIN,M
SHERWOOD,M
SHERWYND,M
SHIMON,M
SHLOMO,M
SHOLOM,M
SHORTY,M
SHUMEET,M
SHURLOCK,M
SHURLOCKE,M
SHURWOOD,M
SI,M
SIBYL,M
SID,M
SIDDHARTHA,M
SIDNEE,M
SIDNEY,M
SIEGFRIED,M
SIFFRE,M
SIG,M
SIGFRID,M
SIGFRIED,M
SIGMUND,M
SILAS,M
SILVAIN,M
SILVAN,M
SILVANO,M
SILVANUS,M
SILVESTER,M
SILVIO,M
SIM,M
SIMEON,M
SIMMONDS,M
SIMON,M
SIMONE,M
SINCLAIR,M
SINCLARE,M
SIVERT,M
SIWARD,M
SKELL,M
SKELLY,M
SKIP,M
SKIPP,M
SKIPPER,M
SKIPPIE,M
SKIPPY,M
SKIPTON,M
SKY,M
SKYE,M
SKYLAR,M
SKYLER,M
SLADE,M
SLIM,M
SLOAN,M
SLOANE,M
SLY,M
SMITH,M
SMITTY,M
SOCRATES,M
SOL,M
SOLLIE,M
SOLLY,M
SOLOMON,M
SOMERSET,M
SON,M
SONNIE,M
SONNY,M
SPARKY,M
SPENCE,M
SPENCER,M
SPENSE,M
SPENSER,M
SPIKE,M
SPIRO,M
SPIROS,M
SPUD,M
SRINIVAS,M
STACY,M
STAFFARD,M
STAFFORD,M
STAFORD,M
STAN,M
STANDFORD,M
STANFIELD,M
STANFORD,M
STANISLAW,M
STANLEIGH,M
STANLEY,M
STANLY,M
STANTON,M
STANWOOD,M
STAVROS,M
STEARN,M
STEARNE,M
STEFAN,M
STEFANO,M
STEFFEN,M
STEPHAN,M
STEPHANUS,M
STEPHEN,M
STERLING,M
STERN,M
STERNE,M
STEVE,M
STEVEN,M
STEVIE,M
STEVY,M
STEW,M
STEWARD,M
STEWART,M
STIG,M
STILLMAN,M
STILLMANN,M
STING,M
STINKY,M
STIRLING,M
STU,M
STUART,M
STURGIS,M
SULLIVAN,M
SULLY,M
SUMNER,M
SUNNY,M
SUTHERLAND,M
SUTTON,M
SVEN,M
SWEN,M
SYD,M
SYDNEY,M
SYLVAN,M
SYLVESTER,M
TAB,M
TABB,M
TABBIE,M
TABBY,M
TABER,M
TABOR,M
TAD,M
TADD,M
TADDEO,M
TADDEUS,M
TADEAS,M
TAILOR,M
TAIT,M
TAITE,M
TALBERT,M
TALBOT,M
TALLIE,M
TALLY,M
TAM,M
TAMAS,M
TAMMIE,M
TAMMY,M
TAN,M
TANN,M
TANNER,M
TANNEY,M
TANNIE,M
TANNY,M
TARRANCE,M
TARRANT,M
TARZAN,M
TATE,M
TAYLOR,M
TEADOR,M
TED,M
TEDD,M
TEDDIE,M
TEDDY,M
TEDIE,M
TEDMAN,M
TEDMUND,M
TEDRICK,M
TEMP,M
TEMPLE,M
TEMPLETON,M
TEODOOR,M
TEODOR,M
TEODORICO,M
TEODORO,M
TERENCE,M
TERENCIO,M
TERRANCE,M
TERREL,M
TERRELL,M
TERRENCE,M
TERRI,M
TERRILL,M
TERRY,M
THACHER,M
THAD,M
THADDEUS,M
THADDIUS,M
THADDUS,M
THADEUS,M
THAIN,M
THAINE,M
THANE,M
THAREN,M
THATCH,M
THATCHER,M
THAXTER,M
THAYNE,M
THEBAULT,M
THEDRIC,M
THEDRICK,M
THEO,M
THEOBALD,M
THEODOR,M
THEODORE,M
THEODORIC,M
THEOPHYLLUS,M
THIBAUD,M
THIBAUT,M
THOM,M
THOMAS,M
THOR,M
THORN,M
THORNDIKE,M
THORNIE,M
THORNTON,M
THORNY,M
THORPE,M
THORSTEIN,M
THORSTEN,M
THORVALD,M
THURSTAN,M
THURSTON,M
TIBOLD,M
TIEBOLD,M
TIEBOUT,M
TILER,M
TIM,M
TIMMIE,M
TIMMY,M
TIMOTHEE,M
TIMOTHEUS,M
TIMOTHY,M
TIRRELL,M
TITO,M
TITOS,M
TITUS,M
TOBE,M
TOBIAH,M
TOBIAS,M
TOBIE,M
TOBIN,M
TOBIT,M
TOBY,M
TOD,M
TODD,M
TODDIE,M
TODDY,M
TOM,M
TOMAS,M
TOME,M
TOMKIN,M
TOMLIN,M
TOMMIE,M
TOMMY,M
TONNIE,M
TONY,M
TORE,M
TOREY,M
TORIN,M
TORR,M
TORRANCE,M
TORRE,M
TORRENCE,M
TORREY,M
TORRIN,M
TORRY,M
TOWN,M
TOWNEY,M
TOWNIE,M
TOWNSEND,M
TOWNY,M
TRACE,M
TRACEY,M
TRACIE,M
TRACY,M
TRAVER,M
TRAVERS,M
TRAVIS,M
TRAY,M
TRE,M
TREMAIN,M
TREMAINE,M
TREMAYNE,M
TRENT,M
TRENTON,M
TREV,M
TREVAR,M
TREVER,M
TREVOR,M
TREY,M
TRIP,M
TRISTAN,M
TROY,M
TRUMAN,M
TUCK,M
TUCKER,M
TUCKIE,M
TUCKY,M
TUDOR,M
TULL,M
TULLEY,M
TULLY,M
TURNER,M
TY,M
TYBALT,M
TYE,M
TYLER,M
TYMON,M
TYMOTHY,M
TYNAN,M
TYRONE,M
TYRUS,M
TYSON,M
UDALE,M
UDALL,M
UDELL,M
UGO,M
ULBERTO,M
ULI,M
ULICK,M
ULISES,M
ULRIC,M
ULRICH,M
ULRICK,M
ULYSSES,M
UMBERTO,M
UPTON,M
URBAIN,M
URBAN,M
URBANO,M
URBANUS,M
URI,M
URIAH,M
URIEL,M
URSON,M
VACHEL,M
VACLAV,M
VAIL,M
VAL,M
VALDEMAR,M
VALE,M
VALENTIN,M
VALENTINE,M
VAN,M
VANCE,M
VASILI,M
VASILIS,M
VASILY,M
VASSILI,M
VASSILY,M
VAUGHAN,M
VAUGHN,M
VENKAT,M
VERGE,M
VERGIL,M
VERN,M
VERNE,M
VERNEN,M
VERNEY,M
VERNON,M
VERNOR,M
VIBHU,M
VIC,M
VICK,M
VICTOR,M
VIJAY,M
VILHELM,M
VIN,M
VINCE,M
VINCENT,M
VINCENTS,M
VINNIE,M
VINNY,M
VINOD,M
VIRGE,M
VIRGIE,M
VIRGIL,M
VIRGILIO,M
VITE,M
VITO,M
VLAD,M
VLADAMIR,M
VLADIMIR,M
VOLTAIRE,M
VON,M
WADE,M
WADSWORTH,M
WAIN,M
WAINE,M
WAINWRIGHT,M
WAIT,M
WAITE,M
WAITER,M
WAKE,M
WAKEFIELD,M
WALD,M
WALDEMAR,M
WALDEN,M
WALDO,M
WALDON,M
WALEED,M
WALKER,M
WALLACE,M
WALLACHE,M
WALLAS,M
WALLIE,M
WALLIS,M
WALLY,M
WALSH,M
WALT,M
WALTER,M
WALTHER,M
WALTON,M
WANG,M
WARD,M
WARDE,M
WARDEN,M
WARE,M
WARING,M
WARNER,M
WARREN,M
WASH,M
WASHINGTON,M
WAT,M
WAVERLEY,M
WAVERLY,M
WAY,M
WAYLAN,M
WAYLAND,M
WAYLEN,M
WAYLIN,M
WAYLON,M
WAYNE,M
WEB,M
WEBB,M
WEBER,M
WEBSTER,M
WEIDAR,M
WEIDER,M
WELBIE,M
WELBY,M
WELCH,M
WELLS,M
WELSH,M
WENDALL,M
WENDEL,M
WENDELL,M
WERNER,M
WES,M
WESLEY,M
WESLIE,M
WEST,M
WESTBROOK,M
WESTBROOKE,M
WESTLEIGH,M
WESTLEY,M
WESTON,M
WEYLIN,M
WHEELER,M
WHIT,M
WHITAKER,M
WHITBY,M
WHITMAN,M
WHITNEY,M
WHITTAKER,M
WIATT,M
WILBER,M
WILBERT,M
WILBUR,M
WILBURN,M
WILBURT,M
WILDEN,M
WILDON,M
WILEK,M
WILEY,M
WILFRED,M
WILFRID,M
WILHELM,M
WILL,M
WILLARD,M
WILLDON,M
WILLEM,M
WILLEY,M
WILLI,M
WILLIAM,M
WILLIE,M
WILLIS,M
WILLMOTT,M
WILLY,M
WILMAR,M
WILMER,M
WILSON,M
WILT,M
WILTON,M
WIN,M
WINDHAM,M
WINFIELD,M
WINFORD,M
WINFRED,M
WINIFIELD,M
WINN,M
WINNIE,M
WINNY,M
WINSLOW,M
WINSTON,M
WINTHROP,M
WINTON,M
WIT,M
WITOLD,M
WITTIE,M
WITTY,M
WOJCIECH,M
WOLF,M
WOLFGANG,M
WOLFIE,M
WOLFRAM,M
WOLFY,M
WOOCHANG,M
WOOD,M
WOODIE,M
WOODMAN,M
WOODROW,M
WOODY,M
WORDEN,M
WORTH,M
WORTHINGTON,M
WORTHY,M
WRIGHT,M
WYATAN,M
WYATT,M
WYE,M
WYLIE,M
WYN,M
WYNDHAM,M
WYNN,M
WYNTON,M
XAVIER,M
XENOS,M
XERXES,M
XEVER,M
XIMENES,M
XIMENEZ,M
XYMENES,M
YAAKOV,M
YACOV,M
YALE,M
YANATON,M
YANCE,M
YANCEY,M
YANCY,M
YANK,M
YANKEE,M
YARD,M
YARDLEY,M
YEHUDI,M
YIGAL,M
YULE,M
YURI,M
YVES,M
ZACH,M
ZACHARIA,M
ZACHARIAH,M
ZACHARIAS,M
ZACHARIE,M
ZACHARY,M
ZACHERIE,M
ZACHERY,M
ZACK,M
ZACKARIAH,M
ZAK,M
ZALMAN,M
ZANE,M
ZARED,M
ZARY,M
ZEB,M
ZEBADIAH,M
ZEBEDEE,M
ZEBULEN,M
ZEBULON,M
ZECHARIAH,M
ZED,M
ZEDEKIAH,M
ZEKE,M
ZELIG,M
ZERK,M
ZEUS,M
ZIPPY,M
ZOLLIE,M
ZOLLY,M
ZORRO,M
ABAGAEL,F
ABAGAIL,F
ABBE,F
ABBEY,F
ABBI,F
ABBIE,F
ABBY,F
ABIGAEL,F
ABIGAIL,F
ABIGALE,F
ABRA,F
ACACIA,F
ADA,F
ADAH,F
ADALINE,F
ADARA,F
ADDIE,F
ADDIS,F
ADEL,F
ADELA,F
ADELAIDE,F
ADELE,F
ADELICE,F
ADELINA,F
ADELIND,F
ADELINE,F
ADELLA,F
ADELLE,F
ADENA,F
ADEY,F
ADI,F
ADIANA,F
ADINA,F
ADORA,F
ADORE,F
ADOREE,F
ADORNE,F
ADREA,F
ADRIA,F
ADRIAENS,F
ADRIAN,F
ADRIANA,F
ADRIANE,F
ADRIANNA,F
ADRIANNE,F
ADRIEN,F
ADRIENA,F
ADRIENNE,F
AERIEL,F
AERIELA,F
AERIELL,F
AG,F
AGACE,F
AGATA,F
AGATHA,F
AGATHE,F
AGGI,F
AGGIE,F
AGGY,F
AGNA,F
AGNELLA,F
AGNES,F
AGNESE,F
AGNESSE,F
AGNETA,F
AGNOLA,F
AGRETHA,F
AIDA,F
AIDAN,F
AIGNEIS,F
AILA,F
AILE,F
AILEE,F
AILEEN,F
AILENE,F
AILEY,F
AILI,F
AILINA,F
AILYN,F
AIME,F
AIMEE,F
AIMIL,F
AINA,F
AINDREA,F
AINSLEE,F
AINSLEY,F
AINSLIE,F
AJAY,F
ALAINE,F
ALAMEDA,F
ALANA,F
ALANAH,F
ALANE,F
ALANNA,F
ALAYNE,F
ALBERTA,F
ALBERTINA,F
ALBERTINE,F
ALBINA,F
ALECIA,F
ALEDA,F
ALEECE,F
ALEECIA,F
ALEEN,F
ALEJANDRA,F
ALEJANDRINA,F
ALENA,F
ALENE,F
ALESSANDRA,F
ALETA,F
ALETHEA,F
ALEX,F
ALEXA,F
ALEXANDRA,F
ALEXANDRINA,F
ALEXI,F
ALEXIA,F
ALEXINA,F
ALEXINE,F
ALEXIS,F
ALFIE,F
ALFREDA,F
ALI,F
ALIA,F
ALICA,F
ALICE,F
ALICEA,F
ALICIA,F
ALIDA,F
ALIDIA,F
ALINA,F
ALINE,F
ALIS,F
ALISA,F
ALISHA,F
ALISON,F
ALISSA,F
ALISUN,F
ALIX,F
ALIZA,F
ALLA,F
ALLEEN,F
ALLEGRA,F
ALLENE,F
ALLI,F
ALLIANORA,F
ALLIE,F
ALLINA,F
ALLIS,F
ALLISON,F
ALLISSA,F
ALLSUN,F
ALLY,F
ALLYCE,F
ALLYN,F
ALLYS,F
ALLYSON,F
ALMA,F
ALMEDA,F
ALMERIA,F
ALMETA,F
ALMIRA,F
ALMIRE,F
ALOISE,F
ALOISIA,F
ALOYSIA,F
ALPA,F
ALTA,F
ALTHEA,F
ALVERA,F
ALVINA,F
ALVINIA,F
ALVIRA,F
ALYCE,F
ALYDA,F
ALYS,F
ALYSA,F
ALYSE,F
ALYSIA,F
ALYSON,F
ALYSS,F
ALYSSA,F
AMABEL,F
AMABELLE,F
AMALEA,F
AMALEE,F
AMALETA,F
AMALIA,F
AMALIE,F
AMALITA,F
AMALLE,F
AMANDA,F
AMANDI,F
AMANDIE,F
AMANDY,F
AMARA,F
AMARGO,F
AMATA,F
AMBER,F
AMBERLY,F
AMBROSIA,F
AMBUR,F
AME,F
AMELIA,F
AMELIE,F
AMELINA,F
AMELINE,F
AMELITA,F
AMI,F
AMIE,F
AMITY,F
AMMAMARIA,F
AMY,F
ANA,F
ANABEL,F
ANABELLA,F
ANABELLE,F
ANAIS,F
ANALIESE,F
ANALISE,F
ANALLESE,F
ANALLISE,F
ANASTASIA,F
ANASTASIE,F
ANASTASSIA,F
ANATOLA,F
ANDEE,F
ANDI,F
ANDIE,F
ANDRA,F
ANDREA,F
ANDREANA,F
ANDREE,F
ANDREI,F
ANDRIA,F
ANDRIANA,F
ANDRIETTE,F
ANDROMACHE,F
ANDROMEDA,F
ANDY,F
ANESTASSIA,F
ANET,F
ANETT,F
ANETTA,F
ANETTE,F
ANGE,F
ANGEL,F
ANGELA,F
ANGELE,F
ANGELIA,F
ANGELICA,F
ANGELIKA,F
ANGELINA,F
ANGELINE,F
ANGELIQUE,F
ANGELITA,F
ANGELLE,F
ANGIE,F
ANGIL,F
ANGY,F
ANIA,F
ANICA,F
ANISSA,F
ANITA,F
ANITRA,F
ANJA,F
ANJANETTE,F
ANJELA,F
ANN,F
ANN-MARI,F
ANN-MARIE,F
ANNA,F
ANNA-DIANA,F
ANNA-DIANE,F
ANNA-MARIA,F
ANNABAL,F
ANNABEL,F
ANNABELA,F
ANNABELL,F
ANNABELLA,F
ANNABELLE,F
ANNADIANA,F
ANNADIANE,F
ANNALEE,F
ANNALENA,F
ANNALIESE,F
ANNALISA,F
ANNALISE,F
ANNALYSE,F
ANNAMARI,F
ANNAMARIA,F
ANNAMARIE,F
ANNE,F
ANNE-CORINNE,F
ANNE-MAR,F
ANNE-MARIE,F
ANNECORINNE,F
ANNELIESE,F
ANNELISE,F
ANNEMARIE,F
ANNETTA,F
ANNETTE,F
ANNI,F
ANNICE,F
ANNIE,F
ANNISSA,F
ANNMARIA,F
ANNMARIE,F
ANNNORA,F
ANNORA,F
ANNY,F
ANSELMA,F
ANSLEY,F
ANSTICE,F
ANTHE,F
ANTHEA,F
ANTHIA,F
ANTOINETTE,F
ANTONELLA,F
ANTONETTA,F
ANTONIA,F
ANTONIE,F
ANTONIETTA,F
ANTONINA,F
ANYA,F
APHRODITE,F
APPOLONIA,F
APRIL,F
APRILETTE,F
ARA,F
ARABEL,F
ARABELA,F
ARABELE,F
ARABELLA,F
ARABELLE,F
ARDA,F
ARDATH,F
ARDEEN,F
ARDELIA,F
ARDELIS,F
ARDELLA,F
ARDELLE,F
ARDEN,F
ARDENE,F
ARDENIA,F
ARDINE,F
ARDIS,F
ARDITH,F
ARDRA,F
ARDYCE,F
ARDYS,F
ARDYTH,F
ARETHA,F
ARIADNE,F
ARIANA,F
ARIANNE,F
ARIDATHA,F
ARIEL,F
ARIELA,F
ARIELLA,F
ARIELLE,F
ARLANA,F
ARLEE,F
ARLEEN,F
ARLEN,F
ARLENA,F
ARLENE,F
ARLETA,F
ARLETTE,F
ARLEYNE,F
ARLIE,F
ARLIENE,F
ARLINA,F
ARLINDA,F
ARLINE,F
ARLY,F
ARLYN,F
ARLYNE,F
ARYN,F
ASHELY,F
ASHLEE,F
ASHLEIGH,F
ASHLEN,F
ASHLEY,F
ASHLI,F
ASHLIE,F
ASHLY,F
ASIA,F
ASTRA,F
ASTRID,F
ASTRIX,F
ATALANTA,F
ATHENA,F
ATHENE,F
ATLANTA,F
ATLANTE,F
AUBERTA,F
AUBINE,F
AUBREE,F
AUBRETTE,F
AUBREY,F
AUBRIE,F
AUBRY,F
AUDI,F
AUDIE,F
AUDRA,F
AUDRE,F
AUDREY,F
AUDRIE,F
AUDRY,F
AUDRYE,F
AUDY,F
AUGUSTA,F
AUGUSTE,F
AUGUSTINA,F
AUGUSTINE,F
AURA,F
AUREA,F
AUREL,F
AURELEA,F
AURELIA,F
AURELIE,F
AURIA,F
AURIE,F
AURILIA,F
AURLIE,F
AUROORA,F
AURORA,F
AURORE,F
AUSTIN,F
AUSTINA,F
AUSTINE,F
AVA,F
AVELINE,F
AVERIL,F
AVERYL,F
AVIE,F
AVIS,F
AVIVA,F
AVIVAH,F
AVRIL,F
AVRIT,F
AYN,F
BAB,F
BABARA,F
BABETTE,F
BABITA,F
BABS,F
BAMBI,F
BAMBIE,F
BAMBY,F
BARB,F
BARBABRA,F
BARBARA,F
BARBARA-ANNE,F
BARBARAANNE,F
BARBE,F
BARBEE,F
BARBETTE,F
BARBEY,F
BARBI,F
BARBIE,F
BARBRA,F
BARBY,F
BARI,F
BARRIE,F
BARRY,F
BASIA,F
BATHSHEBA,F
BATSHEVA,F
BEA,F
BEATRICE,F
BEATRISA,F
BEATRIX,F
BEATRIZ,F
BEAU,F
BEBE,F
BECCA,F
BECKA,F
BECKI,F
BECKIE,F
BECKY,F
BEE,F
BEILUL,F
BEITRIS,F
BEKKI,F
BEL,F
BELIA,F
BELICIA,F
BELINDA,F
BELITA,F
BELL,F
BELLA,F
BELLAMY,F
BELLANCA,F
BELLE,F
BELLINA,F
BELVA,F
BELVIA,F
BENDITE,F
BENEDETTA,F
BENEDICTA,F
BENEDIKTA,F
BENETTA,F
BENITA,F
BENNI,F
BENNIE,F
BENNY,F
BENOITE,F
BERENICE,F
BERET,F
BERGET,F
BERNA,F
BERNADENE,F
BERNADETTE,F
BERNADINA,F
BERNADINE,F
BERNARDINA,F
BERNARDINE,F
BERNELLE,F
BERNETE,F
BERNETTA,F
BERNETTE,F
BERNI,F
BERNICE,F
BERNIE,F
BERNITA,F
BERNY,F
BERRI,F
BERRIE,F
BERRY,F
BERT,F
BERTA,F
BERTE,F
BERTHA,F
BERTHE,F
BERTI,F
BERTIE,F
BERTINA,F
BERTINE,F
BERTY,F
BERYL,F
BERYLE,F
BESS,F
BESSIE,F
BESSY,F
BETH,F
BETHANNE,F
BETHANY,F
BETHENA,F
BETHINA,F
BETSEY,F
BETSY,F
BETTA,F
BETTE,F
BETTE-ANN,F
BETTEANN,F
BETTEANNE,F
BETTI,F
BETTIE,F
BETTINA,F
BETTINE,F
BETTY,F
BETTYE,F
BEULAH,F
BEV,F
BEVERIE,F
BEVERLEE,F
BEVERLIE,F
BEVERLY,F
BEVVY,F
BIANCA,F
BIANKA,F
BIDDY,F
BIDGET,F
BILL,F
BILLI,F
BILLIE,F
BILLY,F
BINNI,F
BINNIE,F
BINNY,F
BIRD,F
BIRDIE,F
BIRGIT,F
BIRGITTA,F
BLAIR,F
BLAIRE,F
BLAKE,F
BLAKELEE,F
BLAKELEY,F
BLANCA,F
BLANCH,F
BLANCHA,F
BLANCHE,F
BLINNI,F
BLINNIE,F
BLINNY,F
BLISS,F
BLISSE,F
BLITHE,F
BLONDELL,F
BLONDELLE,F
BLONDIE,F
BLONDY,F
BLYTHE,F
BO,F
BOBBETTE,F
BOBBI,F
BOBBIE,F
BOBBY,F
BOBETTE,F
BOBINA,F
BOBINE,F
BOBINETTE,F
BONITA,F
BONNEE,F
BONNI,F
BONNIE,F
BONNY,F
BRANA,F
BRANDAIS,F
BRANDE,F
BRANDEA,F
BRANDI,F
BRANDICE,F
BRANDIE,F
BRANDISE,F
BRANDY,F
BREA,F
BREANNE,F
BREAR,F
BREE,F
BREENA,F
BREN,F
BRENA,F
BRENDA,F
BRENN,F
BRENNA,F
BRETT,F
BRIA,F
BRIANA,F
BRIANNA,F
BRIANNE,F
BRIDE,F
BRIDGET,F
BRIDGETT,F
BRIDGETTE,F
BRIDIE,F
BRIER,F
BRIETTA,F
BRIGID,F
BRIGIDA,F
BRIGIT,F
BRIGITTA,F
BRIGITTE,F
BRINA,F
BRINEY,F
BRINY,F
BRIT,F
BRITA,F
BRITANEY,F
BRITANI,F
BRITENY,F
BRITNEY,F
BRITNI,F
BRITT,F
BRITTA,F
BRITTAN,F
BRITTANY,F
BRITTE,F
BRITTNEY,F
BROOK,F
BROOKE,F
BROOKS,F
BRUNELLA,F
BRUNHILDA,F
BRUNHILDE,F
BRYANA,F
BRYN,F
BRYNA,F
BRYNN,F
BRYNNA,F
BRYNNE,F
BUFFY,F
BUNNI,F
BUNNIE,F
BUNNY,F
BURTA,F
CABRINA,F
CACILIA,F
CACILIE,F
CAITLIN,F
CAITRIN,F
CAL,F
CALIDA,F
CALLA,F
CALLEY,F
CALLI,F
CALLIDA,F
CALLIE,F
CALLY,F
CALYPSO,F
CAM,F
CAMALA,F
CAMEL,F
CAMELLA,F
CAMELLIA,F
CAMEO,F
CAMI,F
CAMILA,F
CAMILE,F
CAMILLA,F
CAMILLE,F
CAMMI,F
CAMMIE,F
CAMMY,F
CANADA,F
CANDACE,F
CANDI,F
CANDICE,F
CANDIDA,F
CANDIDE,F
CANDIE,F
CANDIS,F
CANDRA,F
CANDY,F
CAPPELLA,F
CAPRICE,F
CARA,F
CARALIE,F
CAREN,F
CARENA,F
CARESA,F
CARESSA,F
CARESSE,F
CAREY,F
CARI,F
CARIA,F
CARIE,F
CARIL,F
CARILYN,F
CARIN,F
CARINA,F
CARINE,F
CARIOTTA,F
CARISSA,F
CARITA,F
CARITTA,F
CARLA,F
CARLEE,F
CARLEEN,F
CARLEN,F
CARLENA,F
CARLENE,F
CARLEY,F
CARLI,F
CARLIE,F
CARLIN,F
CARLINA,F
CARLINE,F
CARLISLE,F
CARLITA,F
CARLOTA,F
CARLOTTA,F
CARLY,F
CARLYE,F
CARLYN,F
CARLYNN,F
CARLYNNE,F
CARMA,F
CARMEL,F
CARMELA,F
CARMELIA,F
CARMELINA,F
CARMELITA,F
CARMELLA,F
CARMELLE,F
CARMEN,F
CARMINA,F
CARMINE,F
CARMITA,F
CARMON,F
CARO,F
CAROL,F
CAROL-JEAN,F
CAROLA,F
CAROLAN,F
CAROLANN,F
CAROLE,F
CAROLEE,F
CAROLEEN,F
CAROLIE,F
CAROLIN,F
CAROLINA,F
CAROLINE,F
CAROLJEAN,F
CAROLYN,F
CAROLYNE,F
CAROLYNN,F
CARON,F
CARREE,F
CARRI,F
CARRIE,F
CARRISSA,F
CARROL,F
CARROLL,F
CARRY,F
CARY,F
CARYL,F
CARYN,F
CASANDRA,F
CASEY,F
CASI,F
CASIA,F
CASIE,F
CASS,F
CASSANDRA,F
CASSANDRE,F
CASSANDRY,F
CASSAUNDRA,F
CASSEY,F
CASSI,F
CASSIE,F
CASSONDRA,F
CASSY,F
CAT,F
CATARINA,F
CATE,F
CATERINA,F
CATHA,F
CATHARINA,F
CATHARINE,F
CATHE,F
CATHEE,F
CATHERIN,F
CATHERINA,F
CATHERINE,F
CATHI,F
CATHIE,F
CATHLEEN,F
CATHLENE,F
CATHRIN,F
CATHRINE,F
CATHRYN,F
CATHY,F
CATHYLEEN,F
CATI,F
CATIE,F
CATINA,F
CATLAINA,F
CATLEE,F
CATLIN,F
CATRINA,F
CATRIONA,F
CATY,F
CAYLA,F
CECELIA,F
CECIL,F
CECILE,F
CECILEY,F
CECILIA,F
CECILLA,F
CECILY,F
CEIL,F
CELE,F
CELENE,F
CELESTA,F
CELESTE,F
CELESTIA,F
CELESTINA,F
CELESTINE,F
CELESTYN,F
CELESTYNA,F
CELIA,F
CELIE,F
CELINA,F
CELINDA,F
CELINE,F
CELINKA,F
CELISSE,F
CELLE,F
CESYA,F
CHAD,F
CHANDA,F
CHANDAL,F
CHANDRA,F
CHANNA,F
CHANTAL,F
CHANTALLE,F
CHARIL,F
CHARIN,F
CHARIS,F
CHARISSA,F
CHARISSE,F
CHARITA,F
CHARITY,F
CHARLA,F
CHARLEAN,F
CHARLEEN,F
CHARLENA,F
CHARLENE,F
CHARLINE,F
CHARLOT,F
CHARLOTT,F
CHARLOTTA,F
CHARLOTTE,F
CHARMAIN,F
CHARMAINE,F
CHARMANE,F
CHARMIAN,F
CHARMINE,F
CHARMION,F
CHARO,F
CHARYL,F
CHASTITY,F
CHELSAE,F
CHELSEA,F
CHELSEY,F
CHELSIE,F
CHELSY,F
CHER,F
CHERE,F
CHEREY,F
CHERI,F
CHERIANNE,F
CHERICE,F
CHERIDA,F
CHERIE,F
CHERILYN,F
CHERILYNN,F
CHERIN,F
CHERISE,F
CHERISH,F
CHERLYN,F
CHERRI,F
CHERRITA,F
CHERRY,F
CHERY,F
CHERYE,F
CHERYL,F
CHESLIE,F
CHIARRA,F
CHICKIE,F
CHICKY,F
CHIQUITA,F
CHLOE,F
CHLOETTE,F
CHLORIS,F
CHRIS,F
CHRISS,F
CHRISSA,F
CHRISSIE,F
CHRISSY,F
CHRISTA,F
CHRISTABEL,F
CHRISTABELLA,F
CHRISTABELLE,F
CHRISTAL,F
CHRISTALLE,F
CHRISTAN,F
CHRISTEAN,F
CHRISTEL,F
CHRISTEN,F
CHRISTI,F
CHRISTIAN,F
CHRISTIANA,F
CHRISTIANE,F
CHRISTIE,F
CHRISTIN,F
CHRISTINA,F
CHRISTINE,F
CHRISTY,F
CHRISTYNA,F
CHRYSA,F
CHRYSLER,F
CHRYSTAL,F
CHRYSTE,F
CHRYSTEL,F
CIARA,F
CICELY,F
CICILY,F
CIEL,F
CILKA,F
CINDA,F
CINDEE,F
CINDELYN,F
CINDERELLA,F
CINDI,F
CINDIE,F
CINDRA,F
CINDY,F
CINNAMON,F
CISSIE,F
CISSY,F
CLAIR,F
CLAIRE,F
CLARA,F
CLARABELLE,F
CLARE,F
CLARESTA,F
CLARETA,F
CLARETTA,F
CLARETTE,F
CLAREY,F
CLARI,F
CLARIBEL,F
CLARICE,F
CLARIE,F
CLARINDA,F
CLARINE,F
CLARISA,F
CLARISSA,F
CLARISSE,F
CLARITA,F
CLARY,F
CLAUDE,F
CLAUDELLE,F
CLAUDETTA,F
CLAUDETTE,F
CLAUDIA,F
CLAUDIE,F
CLAUDINA,F
CLAUDINE,F
CLEA,F
CLEM,F
CLEMENCE,F
CLEMENTIA,F
CLEMENTINA,F
CLEMENTINE,F
CLEMMIE,F
CLEMMY,F
CLEO,F
CLEOPATRA,F
CLERISSA,F
CLEVA,F
CLIO,F
CLO,F
CLOE,F
CLORIS,F
CLOTILDA,F
CLOVIS,F
CODEE,F
CODI,F
CODIE,F
CODY,F
COLEEN,F
COLENE,F
COLETTA,F
COLETTE,F
COLLEEN,F
COLLETE,F
COLLETTE,F
COLLIE,F
COLLINE,F
COLLY,F
CON,F
CONCETTINA,F
CONCHITA,F
CONCORDIA,F
CONNEY,F
CONNI,F
CONNIE,F
CONNY,F
CONSOLATA,F
CONSTANCE,F
CONSTANCIA,F
CONSTANCY,F
CONSTANTA,F
CONSTANTIA,F
CONSTANTINA,F
CONSTANTINE,F
CONSUELA,F
CONSUELO,F
COOKIE,F
CORA,F
CORABEL,F
CORABELLA,F
CORABELLE,F
CORAL,F
CORALIE,F
CORALINE,F
CORALYN,F
CORDELIA,F
CORDELIE,F
CORDEY,F
CORDIE,F
CORDULA,F
CORDY,F
COREEN,F
CORELLA,F
CORENA,F
CORENDA,F
CORENE,F
CORETTA,F
CORETTE,F
COREY,F
CORI,F
CORIE,F
CORILLA,F
CORINA,F
CORINE,F
CORINNA,F
CORINNE,F
CORISS,F
CORISSA,F
CORLISS,F
CORLY,F
CORNELA,F
CORNELIA,F
CORNELLE,F
CORNIE,F
CORNY,F
CORRENA,F
CORREY,F
CORRI,F
CORRIANNE,F
CORRIE,F
CORRINA,F
CORRINE,F
CORRINNE,F
CORRY,F
CORTNEY,F
CORY,F
COSETTA,F
COSETTE,F
COURTENAY,F
COURTNEY,F
CRESA,F
CRIS,F
CRISSIE,F
CRISSY,F
CRISTA,F
CRISTABEL,F
CRISTAL,F
CRISTEN,F
CRISTI,F
CRISTIE,F
CRISTIN,F
CRISTINA,F
CRISTINE,F
CRISTIONNA,F
CRISTY,F
CRYSTA,F
CRYSTAL,F
CRYSTIE,F
CYB,F
CYBAL,F
CYBEL,F
CYBELLE,F
CYBIL,F
CYBILL,F
CYNDI,F
CYNDY,F
CYNTHEA,F
CYNTHIA,F
CYNTHIE,F
CYNTHY,F
DACEY,F
DACIA,F
DACIE,F
DACY,F
DAEL,F
DAFFI,F
DAFFIE,F
DAFFY,F
DAFNA,F
DAGMAR,F
DAHLIA,F
DAILE,F
DAISEY,F
DAISI,F
DAISIE,F
DAISY,F
DALE,F
DALENNA,F
DALIA,F
DALILA,F
DALLAS,F
DALORIS,F
DAMARA,F
DAMARIS,F
DAMITA,F
DANA,F
DANELL,F
DANELLA,F
DANELLE,F
DANETTE,F
DANI,F
DANIA,F
DANICA,F
DANICE,F
DANIEL,F
DANIELA,F
DANIELE,F
DANIELLA,F
DANIELLE,F
DANIKA,F
DANILA,F
DANIT,F
DANITA,F
DANNA,F
DANNI,F
DANNIE,F
DANNY,F
DANNYE,F
DANYA,F
DANYELLE,F
DANYETTE,F
DAPHENE,F
DAPHNA,F
DAPHNE,F
DARA,F
DARB,F
DARBIE,F
DARBY,F
DARCEE,F
DARCEY,F
DARCI,F
DARCIE,F
DARCY,F
DARDA,F
DAREEN,F
DARELL,F
DARELLE,F
DARI,F
DARIA,F
DARICE,F
DARLA,F
DARLEEN,F
DARLENE,F
DARLINE,F
DARRYL,F
DARSEY,F
DARSIE,F
DARYA,F
DARYL,F
DARYN,F
DASHA,F
DASI,F
DASIE,F
DASYA,F
DATHA,F
DAUNE,F
DAVEEN,F
DAVETA,F
DAVIDA,F
DAVINA,F
DAVINE,F
DAVITA,F
DAWN,F
DAWNA,F
DAYLE,F
DAYNA,F
DEA,F
DEANA,F
DEANE,F
DEANNA,F
DEANNE,F
DEB,F
DEBBI,F
DEBBIE,F
DEBBRA,F
DEBBY,F
DEBEE,F
DEBERA,F
DEBI,F
DEBOR,F
DEBORA,F
DEBORAH,F
DEBRA,F
DEDE,F
DEDIE,F
DEDRA,F
DEE,F
DEE DEE,F
DEEANN,F
DEEANNE,F
DEEDEE,F
DEENA,F
DEERDRE,F
DEHLIA,F
DEIDRE,F
DEINA,F
DEIRDRE,F
DEL,F
DELA,F
DELANEY,F
DELCINA,F
DELCINE,F
DELIA,F
DELILA,F
DELILAH,F
DELINDA,F
DELL,F
DELLA,F
DELLY,F
DELORA,F
DELORES,F
DELORIA,F
DELORIS,F
DELPHINA,F
DELPHINE,F
DELPHINIA,F
DEMETER,F
DEMETRA,F
DEMETRIA,F
DEMETRIS,F
DENA,F
DENI,F
DENICE,F
DENISE,F
DENNA,F
DENNI,F
DENNIE,F
DENNY,F
DENY,F
DENYS,F
DENYSE,F
DEONNE,F
DESAREE,F
DESDEMONA,F
DESIRAE,F
DESIREE,F
DESIRI,F
DEVA,F
DEVAN,F
DEVI,F
DEVIN,F
DEVINA,F
DEVINNE,F
DEVON,F
DEVONDRA,F
DEVONNA,F
DEVONNE,F
DEVORA,F
DEW,F
DI,F
DIAHANN,F
DIAMOND,F
DIAN,F
DIANA,F
DIANDRA,F
DIANE,F
DIANE-MARIE,F
DIANEMARIE,F
DIANN,F
DIANNA,F
DIANNE,F
DIANNNE,F
DIDI,F
DIDO,F
DIENA,F
DIERDRE,F
DINA,F
DINAH,F
DINNIE,F
DINNY,F
DION,F
DIONE,F
DIONIS,F
DIONNE,F
DITA,F
DIX,F
DIXIE,F
DODE,F
DODI,F
DODIE,F
DODY,F
DOE,F
DOLL,F
DOLLEY,F
DOLLI,F
DOLLIE,F
DOLLY,F
DOLORA,F
DOLORES,F
DOLORITA,F
DOLORITAS,F
DOMINICA,F
DOMINIQUE,F
DONA,F
DONELLA,F
DONELLE,F
DONETTA,F
DONIA,F
DONICA,F
DONIELLE,F
DONNA,F
DONNAJEAN,F
DONNAMARIE,F
DONNI,F
DONNIE,F
DONNY,F
DORA,F
DORALIA,F
DORALIN,F
DORALYN,F
DORALYNN,F
DORALYNNE,F
DORCAS,F
DORE,F
DOREEN,F
DORELIA,F
DORELLA,F
DORELLE,F
DORENA,F
DORENE,F
DORETTA,F
DORETTE,F
DOREY,F
DORI,F
DORIA,F
DORIAN,F
DORICE,F
DORIE,F
DORINE,F
DORIS,F
DORISA,F
DORISE,F
DORIT,F
DORITA,F
DORO,F
DOROLICE,F
DOROLISA,F
DOROTEA,F
DOROTEYA,F
DOROTHEA,F
DOROTHEE,F
DOROTHY,F
DORREE,F
DORRI,F
DORRIE,F
DORRIS,F
DORRY,F
DORTHEA,F
DORTHY,F
DORY,F
DOSI,F
DOT,F
DOTI,F
DOTTI,F
DOTTIE,F
DOTTY,F
DOVE,F
DREA,F
DREW,F
DULCE,F
DULCEA,F
DULCI,F
DULCIA,F
DULCIANA,F
DULCIE,F
DULCINE,F
DULCINEA,F
DULCY,F
DULSEA,F
DUSTY,F
DYAN,F
DYANA,F
DYANE,F
DYANN,F
DYANNA,F
DYANNE,F
DYNA,F
DYNAH,F
E'LANE,F
EADA,F
EADIE,F
EADITH,F
EALASAID,F
EARTHA,F
EASTER,F
EBA,F
EBBA,F
EBONEE,F
EBONY,F
EDA,F
EDDI,F
EDDIE,F
EDDY,F
EDE,F
EDEE,F
EDELINE,F
EDEN,F
EDI,F
EDIE,F
EDIN,F
EDITA,F
EDITH,F
EDITHA,F
EDITHE,F
EDIVA,F
EDNA,F
EDWINA,F
EDY,F
EDYTH,F
EDYTHE,F
EFFIE,F
EILEEN,F
EILIS,F
EIMILE,F
EIRENA,F
EKATERINA,F
ELAINA,F
ELAINE,F
ELANA,F
ELANE,F
ELAYNE,F
ELBERTA,F
ELBERTINA,F
ELBERTINE,F
ELEANOR,F
ELEANORA,F
ELEANORE,F
ELECTRA,F
ELENA,F
ELENE,F
ELENI,F
ELENORE,F
ELEONORA,F
ELEONORE,F
ELFIE,F
ELFREDA,F
ELFRIDA,F
ELFRIEDA,F
ELGA,F
ELIANORA,F
ELIANORE,F
ELICIA,F
ELIE,F
ELINOR,F
ELINORE,F
ELISA,F
ELISABET,F
ELISABETH,F
ELISABETTA,F
ELISE,F
ELISHA,F
ELISSA,F
ELITA,F
ELIZA,F
ELIZABET,F
ELIZABETH,F
ELKA,F
ELKE,F
ELLA,F
ELLADINE,F
ELLE,F
ELLEN,F
ELLENE,F
ELLETTE,F
ELLI,F
ELLIE,F
ELLISSA,F
ELLY,F
ELLYN,F
ELLYNN,F
ELMIRA,F
ELNA,F
ELNORA,F
ELNORE,F
ELOISA,F
ELOISE,F
ELONORE,F
ELORA,F
ELSA,F
ELSBETH,F
ELSE,F
ELSEY,F
ELSI,F
ELSIE,F
ELSINORE,F
ELSPETH,F
ELSY,F
ELVA,F
ELVERA,F
ELVINA,F
ELVIRA,F
ELWINA,F
ELWIRA,F
ELYN,F
ELYSE,F
ELYSEE,F
ELYSHA,F
ELYSIA,F
ELYSSA,F
EM,F
EMA,F
EMALEE,F
EMALIA,F
EMANUELA,F
EMELDA,F
EMELIA,F
EMELINA,F
EMELINE,F
EMELITA,F
EMELYNE,F
EMERA,F
EMILEE,F
EMILI,F
EMILIA,F
EMILIE,F
EMILINE,F
EMILY,F
EMLYN,F
EMLYNN,F
EMLYNNE,F
EMMA,F
EMMALEE,F
EMMALINE,F
EMMALYN,F
EMMALYNN,F
EMMALYNNE,F
EMMELINE,F
EMMEY,F
EMMI,F
EMMIE,F
EMMY,F
EMMYE,F
EMOGENE,F
EMYLE,F
EMYLEE,F
ENDORA,F
ENGRACIA,F
ENID,F
ENRICA,F
ENRICHETTA,F
ENRIKA,F
ENRIQUETA,F
ENYA,F
EOLANDA,F
EOLANDE,F
ERAN,F
ERDA,F
ERENA,F
ERICA,F
ERICHA,F
ERICKA,F
ERIKA,F
ERIN,F
ERINA,F
ERINN,F
ERINNA,F
ERMA,F
ERMENGARDE,F
ERMENTRUDE,F
ERMINA,F
ERMINIA,F
ERMINIE,F
ERNA,F
ERNALINE,F
ERNESTA,F
ERNESTINE,F
ERTHA,F
ERYN,F
ESMA,F
ESMARIA,F
ESME,F
ESMERALDA,F
ESMERELDA,F
ESSA,F
ESSIE,F
ESSY,F
ESTA,F
ESTEL,F
ESTELE,F
ESTELL,F
ESTELLA,F
ESTELLE,F
ESTER,F
ESTHER,F
ESTRELLA,F
ESTRELLITA,F
ETHEL,F
ETHELDA,F
ETHELIN,F
ETHELIND,F
ETHELINE,F
ETHELYN,F
ETHYL,F
ETTA,F
ETTI,F
ETTIE,F
ETTY,F
EUDORA,F
EUGENIA,F
EUGENIE,F
EUGINE,F
EULA,F
EULALIE,F
EUNICE,F
EUPHEMIA,F
EUSTACIA,F
EVA,F
EVALEEN,F
EVANGELIA,F
EVANGELIN,F
EVANGELINA,F
EVANGELINE,F
EVANIA,F
EVANNE,F
EVE,F
EVELEEN,F
EVELINA,F
EVELINE,F
EVELYN,F
EVETTE,F
EVEY,F
EVIE,F
EVITA,F
EVONNE,F
EVVIE,F
EVVY,F
EVY,F
EYDE,F
EYDIE,F
FABRIANNE,F
FABRICE,F
FAE,F
FAINA,F
FAITH,F
FALLON,F
FAN,F
FANCHETTE,F
FANCHON,F
FANCIE,F
FANCY,F
FANECHKA,F
FANIA,F
FANNI,F
FANNIE,F
FANNY,F
FANYA,F
FARA,F
FARAH,F
FARAND,F
FARICA,F
FARRA,F
FARRAH,F
FARRAND,F
FATIMA,F
FAUN,F
FAUNIE,F
FAUSTINA,F
FAUSTINE,F
FAWN,F
FAWNA,F
FAWNE,F
FAWNIA,F
FAY,F
FAYDRA,F
FAYE,F
FAYETTE,F
FAYINA,F
FAYRE,F
FAYTH,F
FAYTHE,F
FEDERICA,F
FEDORA,F
FELECIA,F
FELICDAD,F
FELICE,F
FELICIA,F
FELICITY,F
FELICLE,F
FELIPA,F
FELISHA,F
FELITA,F
FELIZA,F
FENELIA,F
FEODORA,F
FERDINANDA,F
FERDINANDE,F
FERN,F
FERNANDA,F
FERNANDE,F
FERNANDINA,F
FERNE,F
FEY,F
FIANN,F
FIANNA,F
FIDELA,F
FIDELIA,F
FIDELITY,F
FIFI,F
FIFINE,F
FILIA,F
FILIDE,F
FILIPPA,F
FINA,F
FIONA,F
FIONNA,F
FIONNULA,F
FIORENZE,F
FLEUR,F
FLEURETTE,F
FLO,F
FLOR,F
FLORA,F
FLORANCE,F
FLORE,F
FLORELLA,F
FLORENCE,F
FLORENCIA,F
FLORENTIA,F
FLORENZA,F
FLORETTE,F
FLORI,F
FLORIA,F
FLORICE,F
FLORIDA,F
FLORIE,F
FLORINA,F
FLORINDA,F
FLORIS,F
FLORRI,F
FLORRIE,F
FLORRY,F
FLORY,F
FLOSSI,F
FLOSSIE,F
FLOSSY,F
FLOWER,F
FORTUNA,F
FORTUNE,F
FRAN,F
FRANCE,F
FRANCENE,F
FRANCES,F
FRANCESCA,F
FRANCESMARY,F
FRANCINE,F
FRANCIS,F
FRANCISCA,F
FRANCISKA,F
FRANCOISE,F
FRANCYNE,F
FRANK,F
FRANKIE,F
FRANKY,F
FRANNI,F
FRANNIE,F
FRANNY,F
FRAYDA,F
FRED,F
FREDA,F
FREDDI,F
FREDDIE,F
FREDDY,F
FREDELIA,F
FREDERICA,F
FREDERICKA,F
FREDI,F
FREDIA,F
FREDRA,F
FREDRIKA,F
FREIDA,F
FRIEDA,F
FRIEDERIKE,F
FULVIA,F
GABBEY,F
GABBI,F
GABBIE,F
GABEY,F
GABI,F
GABIE,F
GABRIEL,F
GABRIELA,F
GABRIELL,F
GABRIELLA,F
GABRIELLE,F
GABRIELLIA,F
GABRILA,F
GABY,F
GAE,F
GAEL,F
GAIL,F
GALE,F
GALE ,F
GALINA,F
GARLAND,F
GARNET,F
GARNETTE,F
GATES,F
GAVRA,F
GAVRIELLE,F
GAY,F
GAYLA,F
GAYLE,F
GAYLEEN,F
GAYLENE,F
GAYNOR,F
GEETA,F
GELYA,F
GEN,F
GENA,F
GENE,F
GENEVA,F
GENEVIEVE,F
GENEVRA,F
GENIA,F
GENNA,F
GENNI,F
GENNIE,F
GENNIFER,F
GENNY,F
GENOVERA,F
GENVIEVE,F
GEORGE,F
GEORGEANNA,F
GEORGEANNE,F
GEORGENA,F
GEORGETA,F
GEORGETTA,F
GEORGETTE,F
GEORGIA,F
GEORGIAMAY,F
GEORGIANA,F
GEORGIANNA,F
GEORGIANNE,F
GEORGIE,F
GEORGINA,F
GEORGINE,F
GERA,F
GERALDA,F
GERALDINA,F
GERALDINE,F
GERDA,F
GERHARDINE,F
GERI,F
GERIANNA,F
GERIANNE,F
GERLADINA,F
GERMAIN,F
GERMAINE,F
GERMANA,F
GERRI,F
GERRIE,F
GERRILEE,F
GERRY,F
GERT,F
GERTA,F
GERTI,F
GERTIE,F
GERTRUD,F
GERTRUDA,F
GERTRUDE,F
GERTRUDIS,F
GERTY,F
GIACINTA,F
GIANA,F
GIANINA,F
GIANNA,F
GIGI,F
GILBERTA,F
GILBERTE,F
GILBERTINA,F
GILBERTINE,F
GILDA,F
GILL,F
GILLAN,F
GILLI,F
GILLIAN,F
GILLIE,F
GILLIGAN,F
GILLY,F
GINA,F
GINELLE,F
GINEVRA,F
GINGER,F
GINNI,F
GINNIE,F
GINNIFER,F
GINNY,F
GIORGIA,F
GIOVANNA,F
GIPSY,F
GIRALDA,F
GISELA,F
GISELE,F
GISELLA,F
GISELLE,F
GITA,F
GIZELA,F
GLAD,F
GLADI,F
GLADIS,F
GLADYS,F
GLEDA,F
GLEN,F
GLENDA,F
GLENINE,F
GLENN,F
GLENNA,F
GLENNIE,F
GLENNIS,F
GLORI,F
GLORIA,F
GLORIANA,F
GLORIANE,F
GLORIANNA,F
GLORY,F
GLYN,F
GLYNDA,F
GLYNIS,F
GLYNNIS,F
GODIVA,F
GOLDA,F
GOLDARINA,F
GOLDI,F
GOLDIA,F
GOLDIE,F
GOLDINA,F
GOLDY,F
GRACE,F
GRACIA,F
GRACIE,F
GRATA,F
GRATIA,F
GRATIANA,F
GRAY,F
GRAYCE,F
GRAZIA,F
GREDEL,F
GREER,F
GRETA,F
GRETAL,F
GRETCHEN,F
GRETE,F
GRETEL,F
GRETHEL,F
GRETNA,F
GRETTA,F
GRIER,F
GRISELDA,F
GRISSEL,F
GUENDOLEN,F
GUENEVERE,F
GUENNA,F
GUGLIELMA,F
GUI,F
GUILLEMA,F
GUILLEMETTE,F
GUINEVERE,F
GUINNA,F
GUNILLA,F
GUNVOR,F
GUS,F
GUSELLA,F
GUSSI,F
GUSSIE,F
GUSSY,F
GUSTA,F
GUSTI,F
GUSTIE,F
GUSTY,F
GWEN,F
GWENDOLEN,F
GWENDOLIN,F
GWENDOLYN,F
GWENETH,F
GWENETTE,F
GWENN,F
GWENNETH,F
GWENNI,F
GWENNIE,F
GWENNY,F
GWENORA,F
GWENORE,F
GWYN,F
GWYNETH,F
GWYNNE,F
GYPSY,F
HADRIA,F
HAILEE,F
HAILY,F
HALEIGH,F
HALETTE,F
HALEY,F
HALI,F
HALIE,F
HALIMEDA,F
HALLEY,F
HALLI,F
HALLIE,F
HALLY,F
HANA,F
HANNA,F
HANNAH,F
HANNI,F
HANNIBAL,F
HANNIE,F
HANNIS,F
HANNY,F
HAPPY,F
HARLENE,F
HARLEY,F
HARLI,F
HARLIE,F
HARMONIA,F
HARMONIE,F
HARMONY,F
HARRI,F
HARRIE,F
HARRIET,F
HARRIETT,F
HARRIETTA,F
HARRIETTE,F
HARRIOT,F
HARRIOTT,F
HATTI,F
HATTIE,F
HATTY,F
HAVIVAH,F
HAYLEY,F
HAZEL,F
HEATH,F
HEATHER,F
HEDA,F
HEDDA,F
HEDDI,F
HEDDIE,F
HEDI,F
HEDVIG,F
HEDWIG,F
HEDY,F
HEIDA,F
HEIDE,F
HEIDI,F
HEIDIE,F
HELAINA,F
HELAINE,F
HELEN,F
HELEN-ELIZABETH,F
HELENA,F
HELENE,F
HELGA,F
HELGE,F
HELISE,F
HELLENE,F
HELLI,F
HELOISE,F
HELSA,F
HELYN,F
HENDRIKA,F
HENKA,F
HENRIE,F
HENRIETA,F
HENRIETTA,F
HENRIETTE,F
HENRYETTA,F
HEPHZIBAH,F
HERMIA,F
HERMINA,F
HERMINE,F
HERMINIA,F
HERMIONE,F
HERTA,F
HERTHA,F
HESTER,F
HESTHER,F
HESTIA,F
HETTI,F
HETTIE,F
HETTY,F
HILARIE,F
HILARY,F
HILDA,F
HILDAGARD,F
HILDAGARDE,F
HILDE,F
HILDEGAARD,F
HILDEGARDE,F
HILDY,F
HILLARY,F
HILLIARY,F
HINDA,F
HOLLEY,F
HOLLI,F
HOLLIE,F
HOLLY,F
HOLLY-ANNE,F
HOLLYANNE,F
HONEY,F
HONOR,F
HONORIA,F
HOPE,F
HORATIA,F
HORTENSE,F
HORTENSIA,F
HULDA,F
HYACINTH,F
HYACINTHA,F
HYACINTHE,F
HYACINTHIA,F
HYACINTHIE,F
HYNDA,F
IANTHE,F
IBBIE,F
IBBY,F
IDA,F
IDALIA,F
IDALINA,F
IDALINE,F
IDELL,F
IDELLE,F
IDETTE,F
IKE,F
IKEY,F
ILANA,F
ILEANA,F
ILEANE,F
ILENE,F
ILISE,F
ILKA,F
ILLA,F
ILONA,F
ILSA,F
ILSE,F
ILYSA,F
ILYSE,F
ILYSSA,F
IMELDA,F
IMOGEN,F
IMOGENE,F
IMOJEAN,F
INA,F
INCI,F
INDIRA,F
INES,F
INESITA,F
INESSA,F
INEZ,F
INGA,F
INGABERG,F
INGABORG,F
INGE,F
INGEBERG,F
INGEBORG,F
INGER,F
INGRID,F
INGUNNA,F
INNA,F
IOANA,F
IOLANDE,F
IOLANTHE,F
IONA,F
IORMINA,F
IRA,F
IRENA,F
IRENE,F
IRINA,F
IRIS,F
IRITA,F
IRMA,F
ISA,F
ISABEAU,F
ISABEL,F
ISABELITA,F
ISABELLA,F
ISABELLE,F
ISADOR,F
ISADORA,F
ISADORE,F
ISAHELLA,F
ISEABAL,F
ISIDORA,F
ISIS,F
ISOBEL,F
ISSI,F
ISSIE,F
ISSY,F
IVETT,F
IVETTE,F
IVIE,F
IVONNE,F
IVORY,F
IVY,F
IZABEL,F
IZZI,F
JACENTA,F
JACINDA,F
JACINTA,F
JACINTHA,F
JACINTHE,F
JACKELYN,F
JACKI,F
JACKIE,F
JACKLIN,F
JACKLYN,F
JACKQUELIN,F
JACKQUELINE,F
JACKY,F
JACLIN,F
JACLYN,F
JACQUELIN,F
JACQUELINE,F
JACQUELYN,F
JACQUELYNN,F
JACQUENETTA,F
JACQUENETTE,F
JACQUETTA,F
JACQUETTE,F
JACQUI,F
JACQUIE,F
JACYNTH,F
JADA,F
JADE,F
JAIME,F
JAIMIE,F
JAINE,F
JALEH,F
JAMI,F
JAMIE,F
JAMIMA,F
JAMMIE,F
JAN,F
JANA,F
JANAYA,F
JANAYE,F
JANDY,F
JANE,F
JANEAN,F
JANECZKA,F
JANEEN,F
JANEL,F
JANELA,F
JANELLA,F
JANELLE,F
JANENE,F
JANENNA,F
JANESSA,F
JANET,F
JANETA,F
JANETTA,F
JANETTE,F
JANEVA,F
JANEY,F
JANIA,F
JANICE,F
JANIE,F
JANIFER,F
JANINA,F
JANINE,F
JANIS,F
JANITH,F
JANKA,F
JANNA,F
JANNEL,F
JANNELLE,F
JANOT,F
JANY,F
JAQUELIN,F
JAQUELYN,F
JAQUENETTA,F
JAQUENETTE,F
JAQUITH,F
JASMIN,F
JASMINA,F
JASMINE,F
JAYME,F
JAYMEE,F
JAYNE,F
JAYNELL,F
JAZMIN,F
JEAN,F
JEANA,F
JEANE,F
JEANELLE,F
JEANETTE,F
JEANIE,F
JEANINE,F
JEANNA,F
JEANNE,F
JEANNETTE,F
JEANNIE,F
JEANNINE,F
JEHANNA,F
JELENE,F
JEMIE,F
JEMIMA,F
JEMIMAH,F
JEMMIE,F
JEMMY,F
JEN,F
JENA,F
JENDA,F
JENELLE,F
JENETTE,F
JENI,F
JENICA,F
JENIECE,F
JENIFER,F
JENIFFER,F
JENILEE,F
JENINE,F
JENN,F
JENNA,F
JENNEE,F
JENNETTE,F
JENNI,F
JENNICA,F
JENNIE,F
JENNIFER,F
JENNILEE,F
JENNINE,F
JENNY,F
JERALDINE,F
JERALEE,F
JERE,F
JERI,F
JERMAINE,F
JERRIE,F
JERRILEE,F
JERRILYN,F
JERRINE,F
JERRY,F
JERRYLEE,F
JESS,F
JESSA,F
JESSALIN,F
JESSALYN,F
JESSAMINE,F
JESSAMYN,F
JESSE,F
JESSELYN,F
JESSI,F
JESSICA,F
JESSIE,F
JESSIKA,F
JESSY,F
JEWEL,F
JEWELL,F
JEWELLE,F
JILL,F
JILLANA,F
JILLANE,F
JILLAYNE,F
JILLEEN,F
JILLENE,F
JILLI,F
JILLIAN,F
JILLIE,F
JILLY,F
JINNY,F
JO,F
JO ANN,F
JO-ANN,F
JOANN,F
JO-ANNE,F
JOANNE,F
JOAN,F
JOANA,F
JOANE,F
JOANIE,F
JOANN,F
JOANNA,F
JOANNE,F
JOANNES,F
JOBEY,F
JOBI,F
JOBIE,F
JOBINA,F
JOBY,F
JOBYE,F
JOBYNA,F
JOCELIN,F
JOCELINE,F
JOCELYN,F
JOCELYNE,F
JODEE,F
JODI,F
JODIE,F
JODY,F
JOELA,F
JOELIE,F
JOELL,F
JOELLA,F
JOELLE,F
JOELLEN,F
JOELLY,F
JOELLYN,F
JOELYNN,F
JOETE,F
JOEY,F
JOHANNA,F
JOHANNAH,F
JOHNETTE,F
JOHNNA,F
JOICE,F
JOJO,F
JOLEE,F
JOLEEN,F
JOLENE,F
JOLETTA,F
JOLI,F
JOLIE,F
JOLINE,F
JOLY,F
JOLYN,F
JOLYNN,F
JONELL,F
JONI,F
JONIE,F
JONIS,F
JORDAIN,F
JORDAN,F
JORDANA,F
JORDANNA,F
JOREY,F
JORI,F
JORIE,F
JORRIE,F
JORRY,F
JOSCELIN,F
JOSEE,F
JOSEFA,F
JOSEFINA,F
JOSELYN,F
JOSEPHA,F
JOSEPHINA,F
JOSEPHINE,F
JOSEY,F
JOSI,F
JOSIE,F
JOSLYN,F
JOSSELYN,F
JOSY,F
JOURDAN,F
JOY,F
JOYA,F
JOYAN,F
JOYANN,F
JOYCE,F
JOYCELIN,F
JOYE,F
JOYOUS,F
JUANA,F
JUANITA,F
JUDE,F
JUDI,F
JUDIE,F
JUDITH,F
JUDITHA,F
JUDY,F
JUDYE,F
JULEE,F
JULI,F
JULIA,F
JULIANA,F
JULIANE,F
JULIANN,F
JULIANNA,F
JULIANNE,F
JULIE,F
JULIENNE,F
JULIET,F
JULIETA,F
JULIETTA,F
JULIETTE,F
JULINA,F
JULINE,F
JULISSA,F
JULITA,F
JUNE,F
JUNETTE,F
JUNIA,F
JUNIE,F
JUNINA,F
JUSTIN,F
JUSTINA,F
JUSTINE,F
JYOTI,F
KAARI,F
KACEY,F
KACIE,F
KACY,F
KAI,F
KAIA,F
KAILA,F
KAILE,F
KAILEY,F
KAITLIN,F
KAITLYN,F
KAITLYNN,F
KAJA,F
KAKALINA,F
KALA,F
KALEENA,F
KALI,F
KALIE,F
KALILA,F
KALINA,F
KALINDA,F
KALINDI,F
KALLI,F
KALLY,F
KAMEKO,F
KAMILA,F
KAMILAH,F
KAMILLAH,F
KANDACE,F
KANDY,F
KANIA,F
KANYA,F
KARA,F
KARA-LYNN,F
KARALEE,F
KARALYNN,F
KARE,F
KAREE,F
KAREL,F
KAREN,F
KARENA,F
KARI,F
KARIA,F
KARIE,F
KARIL,F
KARILYNN,F
KARIN,F
KARINA,F
KARINE,F
KARIOTTA,F
KARISA,F
KARISSA,F
KARITA,F
KARLA,F
KARLEE,F
KARLEEN,F
KARLEN,F
KARLENE,F
KARLIE,F
KARLOTTA,F
KARLOTTE,F
KARLY,F
KARLYN,F
KARMEN,F
KARNA,F
KAROL,F
KAROLA,F
KAROLE,F
KAROLINA,F
KAROLINE,F
KAROLY,F
KARON,F
KARRAH,F
KARRIE,F
KARRY,F
KARY,F
KARYL,F
KARYLIN,F
KARYN,F
KASEY,F
KASS,F
KASSANDRA,F
KASSEY,F
KASSI,F
KASSIA,F
KASSIE,F
KASTER,F
KAT,F
KATA,F
KATALIN,F
KATE,F
KATEE,F
KATERINA,F
KATERINE,F
KATEY,F
KATH,F
KATHA,F
KATHARINA,F
KATHARINE,F
KATHARYN,F
KATHE,F
KATHELEEN,F
KATHERINA,F
KATHERINE,F
KATHERYN,F
KATHI,F
KATHIE,F
KATHLEEN,F
KATHLENE,F
KATHLIN,F
KATHRINE,F
KATHRYN,F
KATHRYNE,F
KATHY,F
KATHYE,F
KATI,F
KATIE,F
KATINA,F
KATINE,F
KATINKA,F
KATLEEN,F
KATLIN,F
KATRINA,F
KATRINE,F
KATRINKA,F
KATTI,F
KATTIE,F
KATUSCHA,F
KATUSHA,F
KATY,F
KATYA,F
KAY,F
KAYCEE,F
KAYE,F
KAYLA,F
KAYLE,F
KAYLEE,F
KAYLEY,F
KAYLIL,F
KAYLYN,F
KEE,F
KEELEY,F
KEELIA,F
KEELY,F
KELCEY,F
KELCI,F
KELCIE,F
KELCY,F
KELILA,F
KELLEN,F
KELLEY,F
KELLI,F
KELLIA,F
KELLIE,F
KELLINA,F
KELLSIE,F
KELLY,F
KELLYANN,F
KELSEY,F
KELSI,F
KELSY,F
KENDRA,F
KENDRE,F
KENNA,F
KEREN,F
KERI,F
KERIANN,F
KERIANNE,F
KERRI,F
KERRIE,F
KERRILL,F
KERRIN,F
KERRY,F
KERSTIN,F
KESLEY,F
KESLIE,F
KESSIA,F
KESSIAH,F
KETTI,F
KETTIE,F
KETTY,F
KEVINA,F
KEVYN,F
KI,F
KIA,F
KIAH,F
KIAL,F
KIELE,F
KIERSTEN,F
KIKELIA,F
KILEY,F
KIM,F
KIMBERLEE,F
KIMBERLEY,F
KIMBERLI,F
KIMBERLY,F
KIMBERLYN,F
KIMBRA,F
KIMMI,F
KIMMIE,F
KIMMY,F
KINNA,F
KIP,F
KIPP,F
KIPPIE,F
KIPPY,F
KIRA,F
KIRBEE,F
KIRBIE,F
KIRBY,F
KIRI,F
KIRSTEN,F
KIRSTENI,F
KIRSTI,F
KIRSTIE,F
KIRSTIN,F
KIRSTYN,F
KISSEE,F
KISSIAH,F
KISSIE,F
KIT,F
KITTI,F
KITTIE,F
KITTY,F
KIZZEE,F
KIZZIE,F
KLARA,F
KLARIKA,F
KLARRISA,F
KONSTANCE,F
KONSTANZE,F
KOO,F
KORA,F
KORAL,F
KORALLE,F
KORDULA,F
KORE,F
KORELLA,F
KOREN,F
KORESSA,F
KORI,F
KORIE,F
KORNEY,F
KORRIE,F
KORRY,F
KOURTNEY,F
KRIS,F
KRISSIE,F
KRISSY,F
KRISTA,F
KRISTAL,F
KRISTAN,F
KRISTE,F
KRISTEL,F
KRISTEN,F
KRISTI,F
KRISTIEN,F
KRISTIN,F
KRISTINA,F
KRISTINE,F
KRISTY,F
KRISTYN,F
KRYSTA,F
KRYSTAL,F
KRYSTALLE,F
KRYSTLE,F
KRYSTYNA,F
KYLA,F
KYLE,F
KYLEN,F
KYLIE,F
KYLILA,F
KYLYNN,F
KYM,F
KYNTHIA,F
KYRSTIN,F
LA,F
LACEE,F
LACEY,F
LACIE,F
LACY,F
LADONNA,F
LAETITIA,F
LAILA,F
LAINA,F
LAINEY,F
LAMB,F
LANA,F
LANE,F
LANETTE,F
LANEY,F
LANI,F
LANIE,F
LANITA,F
LANNA,F
LANNI,F
LANNY,F
LARA,F
LARAINE,F
LARI,F
LARINA,F
LARINE,F
LARISA,F
LARISSA,F
LARK,F
LARYSSA,F
LATASHIA,F
LATIA,F
LATISHA,F
LATRENA,F
LATRINA,F
LAURA,F
LAURAINE,F
LAURAL,F
LAURALEE,F
LAURE,F
LAUREE,F
LAUREEN,F
LAUREL,F
LAURELLA,F
LAUREN,F
LAURENA,F
LAURENE,F
LAURETTA,F
LAURETTE,F
LAURI,F
LAURIANNE,F
LAURICE,F
LAURIE,F
LAURYN,F
LAVENA,F
LAVERNA,F
LAVERNE,F
LAVINA,F
LAVINIA,F
LAVINIE,F
LAYLA,F
LAYNE,F
LAYNEY,F
LEA,F
LEAH,F
LEANDRA,F
LEANN,F
LEANNA,F
LEANNE,F
LEANOR,F
LEANORA,F
LEBBIE,F
LEDA,F
LEE,F
LEEANN,F
LEEANN,F
LEEANNE,F
LEELA,F
LEELAH,F
LEENA,F
LEESA,F
LEESE,F
LEGRA,F
LEIA,F
LEIAH,F
LEIGH,F
LEIGHA,F
LEILA,F
LEILAH,F
LEISHA,F
LELA,F
LELAH,F
LELAND,F
LELIA,F
LENA,F
LENEE,F
LENETTE,F
LENKA,F
LENNA,F
LENORA,F
LENORE,F
LEODORA,F
LEOINE,F
LEOLA,F
LEOLINE,F
LEONA,F
LEONANIE,F
LEONE,F
LEONELLE,F
LEONIE,F
LEONORA,F
LEONORE,F
LEONTINE,F
LEONTYNE,F
LEORA,F
LEORAH,F
LESHIA,F
LESLEY,F
LESLI,F
LESLIE,F
LESLY,F
LESYA,F
LETA,F
LETHIA,F
LETICIA,F
LETISHA,F
LETITIA,F
LETTA,F
LETTI,F
LETTIE,F
LETTY,F
LEYLA,F
LEZLIE,F
LIA,F
LIAN,F
LIANA,F
LIANE,F
LIANNA,F
LIANNE,F
LIB,F
LIBBEY,F
LIBBI,F
LIBBIE,F
LIBBY,F
LICHA,F
LIDA,F
LIDIA,F
LIL,F
LILA,F
LILAH,F
LILAS,F
LILIA,F
LILIAN,F
LILIANE,F
LILIAS,F
LILITH,F
LILLA,F
LILLI,F
LILLIAN,F
LILLIS,F
LILLLIE,F
LILLY,F
LILY,F
LILYAN,F
LIN,F
LINA,F
LIND,F
LINDA,F
LINDI,F
LINDIE,F
LINDSAY,F
LINDSEY,F
LINDSY,F
LINDY,F
LINEA,F
LINELL,F
LINET,F
LINETTE,F
LINN,F
LINNEA,F
LINNELL,F
LINNET,F
LINNIE,F
LINZY,F
LIORA,F
LIORAH,F
LIRA,F
LISA,F
LISABETH,F
LISANDRA,F
LISBETH,F
LISE,F
LISETTA,F
LISETTE,F
LISHA,F
LISHE,F
LISSA,F
LISSI,F
LISSIE,F
LISSY,F
LITA,F
LIUKA,F
LIVIA,F
LIZ,F
LIZA,F
LIZABETH,F
LIZBETH,F
LIZETTE,F
LIZZIE,F
LIZZY,F
LOELLA,F
LOIS,F
LOISE,F
LOLA,F
LOLANDE,F
LOLETA,F
LOLITA,F
LOLLY,F
LONA,F
LONEE,F
LONI,F
LONNA,F
LONNI,F
LONNIE,F
LORA,F
LORAIN,F
LORAINE,F
LORALEE,F
LORALIE,F
LORALYN,F
LOREE,F
LOREEN,F
LORELEI,F
LORELLE,F
LOREN,F
LORENA,F
LORENE,F
LORENZA,F
LORETTA,F
LORETTALORNA,F
LORETTE,F
LORI,F
LORIA,F
LORIANNA,F
LORIANNE,F
LORIE,F
LORILEE,F
LORILYN,F
LORINDA,F
LORINE,F
LORITA,F
LORNA,F
LORNE,F
LORRAINE,F
LORRAYNE,F
LORRI,F
LORRIE,F
LORRIN,F
LORRY,F
LORY,F
LOTTA,F
LOTTE,F
LOTTI,F
LOTTIE,F
LOTTY,F
LOU,F
LOUELLA,F
LOUISA,F
LOUISE,F
LOUISETTE,F
LOVE,F
LUANA,F
LUANNA,F
LUCE,F
LUCI,F
LUCIA,F
LUCIANA,F
LUCIE,F
LUCIENNE,F
LUCILA,F
LUCILIA,F
LUCILLE,F
LUCINA,F
LUCINDA,F
LUCINE,F
LUCITA,F
LUCKY,F
LUCRETIA,F
LUCY,F
LUELLA,F
LUELLE,F
LUISA,F
LUISE,F
LULA,F
LULITA,F
LULU,F
LUNA,F
LURA,F
LURETTE,F
LURLEEN,F
LURLENE,F
LURLINE,F
LUSA,F
LUST,F
LYDA,F
LYDIA,F
LYDIE,F
LYN,F
LYNDA,F
LYNDE,F
LYNDEL,F
LYNDELL,F
LYNDSAY,F
LYNDSEY,F
LYNDSIE,F
LYNDY,F
LYNEA,F
LYNELLE,F
LYNETT,F
LYNETTE,F
LYNN,F
LYNNA,F
LYNNE,F
LYNNEA,F
LYNNELL,F
LYNNELLE,F
LYNNET,F
LYNNETT,F
LYNNETTE,F
LYNSEY,F
LYSANDRA,F
LYSSA,F
MAB,F
MABEL,F
MABELLE,F
MABLE,F
MADA,F
MADALENA,F
MADALYN,F
MADDALENA,F
MADDI,F
MADDIE,F
MADDY,F
MADEL,F
MADELAINE,F
MADELEINE,F
MADELENA,F
MADELENE,F
MADELIN,F
MADELINA,F
MADELINE,F
MADELLA,F
MADELLE,F
MADELON,F
MADELYN,F
MADGE,F
MADLEN,F
MADLIN,F
MADONA,F
MADONNA,F
MADY,F
MAE,F
MAEGAN,F
MAG,F
MAGDA,F
MAGDAIA,F
MAGDALEN,F
MAGDALENA,F
MAGDALENE,F
MAGGEE,F
MAGGI,F
MAGGIE,F
MAGGY,F
MAGNA,F
MAHALA,F
MAHALIA,F
MAIA,F
MAIBLE,F
MAIGA,F
MAIR,F
MAIRE,F
MAIREAD,F
MAISEY,F
MAISIE,F
MALA,F
MALANIE,F
MALCAH,F
MALENA,F
MALIA,F
MALINA,F
MALINDA,F
MALINDE,F
MALISSA,F
MALISSIA,F
MALKA,F
MALKAH,F
MALLISSA,F
MALLORIE,F
MALLORY,F
MALORIE,F
MALORY,F
MALVA,F
MALVINA,F
MALYNDA,F
MAME,F
MAMIE,F
MANDA,F
MANDI,F
MANDIE,F
MANDY,F
MANON,F
MANYA,F
MARA,F
MARABEL,F
MARCELA,F
MARCELIA,F
MARCELLA,F
MARCELLE,F
MARCELLINA,F
MARCELLINE,F
MARCHELLE,F
MARCI,F
MARCIA,F
MARCIE,F
MARCILE,F
MARCILLE,F
MARCY,F
MAREAH,F
MAREN,F
MARENA,F
MARESSA,F
MARGA,F
MARGALIT,F
MARGALO,F
MARGARET,F
MARGARETA,F
MARGARETE,F
MARGARETHA,F
MARGARETHE,F
MARGARETTA,F
MARGARETTE,F
MARGARITA,F
MARGAUX,F
MARGE,F
MARGEAUX,F
MARGERY,F
MARGET,F
MARGETTE,F
MARGI,F
MARGIE,F
MARGIT,F
MARGLERITE,F
MARGO,F
MARGOT,F
MARGRET,F
MARGUERITE,F
MARGURITE,F
MARGY,F
MARI,F
MARIA,F
MARIAM,F
MARIAN,F
MARIANA,F
MARIANN,F
MARIANNA,F
MARIANNE,F
MARIBEL,F
MARIBELLE,F
MARIBETH,F
MARICE,F
MARIDEL,F
MARIE,F
MARIE-ANN,F
MARIE-JEANNE,F
MARIEANN,F
MARIEJEANNE,F
MARIEL,F
MARIELE,F
MARIELLE,F
MARIELLEN,F
MARIETTA,F
MARIETTE,F
MARIGOLD,F
MARIJO,F
MARIKA,F
MARILEE,F
MARILIN,F
MARILLIN,F
MARILYN,F
MARIN,F
MARINA,F
MARINNA,F
MARION,F
MARIQUILLA,F
MARIS,F
MARISA,F
MARISKA,F
MARISSA,F
MARIT,F
MARITA,F
MARITSA,F
MARIYA,F
MARJ,F
MARJA,F
MARJE,F
MARJI,F
MARJIE,F
MARJORIE,F
MARJORY,F
MARJY,F
MARKETA,F
MARLA,F
MARLANE,F
MARLEAH,F
MARLEE,F
MARLEEN,F
MARLENA,F
MARLENE,F
MARLEY,F
MARLIE,F
MARLINE,F
MARLO,F
MARLYN,F
MARNA,F
MARNE,F
MARNEY,F
MARNI,F
MARNIA,F
MARNIE,F
MARQUITA,F
MARRILEE,F
MARRIS,F
MARRISSA,F
MARRY,F
MARSHA,F
MARSIELLA,F
MARTA,F
MARTELLE,F
MARTGUERITA,F
MARTHA,F
MARTHE,F
MARTHENA,F
MARTI,F
MARTICA,F
MARTIE,F
MARTINA,F
MARTITA,F
MARTY,F
MARTYNNE,F
MARY,F
MARYA,F
MARYANGELYN,F
MARYANN,F
MARYANNA,F
MARYANNE,F
MARYBELLE,F
MARYBETH,F
MARYELLEN,F
MARYJANE,F
MARYJO,F
MARYL,F
MARYLEE,F
MARYLIN,F
MARYLINDA,F
MARYLOU,F
MARYLYNNE,F
MARYROSE,F
MARYS,F
MARYSA,F
MASHA,F
MATELDA,F
MATHILDA,F
MATHILDE,F
MATILDA,F
MATILDE,F
MATTI,F
MATTIE,F
MATTY,F
MAUD,F
MAUDE,F
MAUDIE,F
MAURA,F
MAURE,F
MAUREEN,F
MAUREENE,F
MAURENE,F
MAURINE,F
MAURISE,F
MAURITA,F
MAVIS,F
MAVRA,F
MAX,F
MAXI,F
MAXIE,F
MAXINE,F
MAXY,F
MAY,F
MAYA,F
MAYBELLE,F
MAYDA,F
MAYE,F
MEAD,F
MEADE,F
MEAGAN,F
MEAGHAN,F
MEARA,F
MECHELLE,F
MEG,F
MEGAN,F
MEGEN,F
MEGGAN,F
MEGGI,F
MEGGIE,F
MEGGY,F
MEGHAN,F
MEGHANN,F
MEHETABEL,F
MEI,F
MEIRA,F
MEL,F
MELA,F
MELAMIE,F
MELANIA,F
MELANIE,F
MELANTHA,F
MELANY,F
MELBA,F
MELESA,F
MELESSA,F
MELICENT,F
MELINA,F
MELINDA,F
MELINDE,F
MELISA,F
MELISANDE,F
MELISANDRA,F
MELISENDA,F
MELISENT,F
MELISSA,F
MELISSE,F
MELITA,F
MELITTA,F
MELLA,F
MELLI,F
MELLICENT,F
MELLIE,F
MELLISA,F
MELLISENT,F
MELLISSA,F
MELLONEY,F
MELLY,F
MELODEE,F
MELODIE,F
MELODY,F
MELONIE,F
MELONY,F
MELOSA,F
MELVA,F
MERCEDES,F
MERCI,F
MERCIE,F
MERCY,F
MEREDITH,F
MEREDITHE,F
MERIDEL,F
MERIDITH,F
MERIEL,F
MERILEE,F
MERILYN,F
MERIS,F
MERISSA,F
MERL,F
MERLA,F
MERLE,F
MERLINA,F
MERLINE,F
MERNA,F
MEROLA,F
MERRALEE,F
MERRIDIE,F
MERRIE,F
MERRIELLE,F
MERRILE,F
MERRILEE,F
MERRILI,F
MERRILL,F
MERRILY,F
MERRY,F
MERSEY,F
MERYL,F
META,F
MIA,F
MICAELA,F
MICHAELA,F
MICHAELINA,F
MICHAELINE,F
MICHAELLA,F
MICHAL,F
MICHEL,F
MICHELE,F
MICHELINA,F
MICHELINE,F
MICHELL,F
MICHELLE,F
MICKI,F
MICKIE,F
MICKY,F
MIDGE,F
MIGNON,F
MIGNONNE,F
MIGUELA,F
MIGUELITA,F
MIKAKO,F
MILDRED,F
MILDRID,F
MILENA,F
MILICENT,F
MILISSENT,F
MILKA,F
MILLI,F
MILLICENT,F
MILLIE,F
MILLISENT,F
MILLY,F
MILZIE,F
MIMI,F
MIN,F
MINA,F
MINDA,F
MINDY,F
MINERVA,F
MINETTA,F
MINETTE,F
MINNA,F
MINNI,F
MINNIE,F
MINNY,F
MINTA,F
MIQUELA,F
MIRA,F
MIRABEL,F
MIRABELLA,F
MIRABELLE,F
MIRAN,F
MIRANDA,F
MIREIELLE,F
MIREILLE,F
MIRELLA,F
MIRELLE,F
MIRIAM,F
MIRILLA,F
MIRNA,F
MISHA,F
MISSIE,F
MISSY,F
MISTI,F
MISTY,F
MITRA,F
MITZI,F
MMARIANNE,F
MODESTA,F
MODESTIA,F
MODESTINE,F
MODESTY,F
MOINA,F
MOIRA,F
MOLL,F
MOLLEE,F
MOLLI,F
MOLLIE,F
MOLLY,F
MOMMY,F
MONA,F
MONAH,F
MONICA,F
MONIKA,F
MONIQUE,F
MORA,F
MOREEN,F
MORENA,F
MORGAN,F
MORGANA,F
MORGANICA,F
MORGANNE,F
MORGEN,F
MORIA,F
MORISSA,F
MORLEE,F
MORNA,F
MOSELLE,F
MOYA,F
MOYNA,F
MOYRA,F
MOZELLE,F
MUFFIN,F
MUFI,F
MUFINELLA,F
MUIRE,F
MUREIL,F
MURIAL,F
MURIEL,F
MURIELLE,F
MYNA,F
MYRA,F
MYRAH,F
MYRANDA,F
MYRIAM,F
MYRILLA,F
MYRLE,F
MYRLENE,F
MYRNA,F
MYRTA,F
MYRTIA,F
MYRTICE,F
MYRTIE,F
MYRTLE,F
NADA,F
NADEAN,F
NADEEN,F
NADIA,F
NADINE,F
NADIYA,F
NADY,F
NADYA,F
NALANI,F
NAN,F
NANA,F
NANANNE,F
NANCE,F
NANCEE,F
NANCEY,F
NANCI,F
NANCIE,F
NANCY,F
NANETE,F
NANETTE,F
NANI,F
NANICE,F
NANINE,F
NANNETTE,F
NANNI,F
NANNIE,F
NANNY,F
NANON,F
NAOMA,F
NAOMI,F
NARA,F
NARI,F
NARIKO,F
NAT,F
NATA,F
NATALA,F
NATALEE,F
NATALIA,F
NATALIE,F
NATALINA,F
NATALINE,F
NATALYA,F
NATASHA,F
NATASSIA,F
NATHALIA,F
NATHALIE,F
NATKA,F
NATTY,F
NEALA,F
NEDA,F
NEDDA,F
NEDI,F
NEELY,F
NEILA,F
NEILE,F
NEILLA,F
NEILLE,F
NELA,F
NELIA,F
NELIE,F
NELL,F
NELLE,F
NELLI,F
NELLIE,F
NELLY,F
NENA,F
NERISSA,F
NERITA,F
NERT,F
NERTA,F
NERTE,F
NERTI,F
NERTIE,F
NERTY,F
NESSA,F
NESSI,F
NESSIE,F
NESSY,F
NESTA,F
NETTA,F
NETTI,F
NETTIE,F
NETTLE,F
NETTY,F
NEVSA,F
NEYSA,F
NICHOL,F
NICHOLE,F
NICHOLLE,F
NICKI,F
NICKIE,F
NICKY,F
NICOL,F
NICOLA,F
NICOLE,F
NICOLEA,F
NICOLETTE,F
NICOLI,F
NICOLINA,F
NICOLINE,F
NICOLLE,F
NIDIA,F
NIKE,F
NIKI,F
NIKKI,F
NIKKIE,F
NIKOLETTA,F
NIKOLIA,F
NIL,F
NINA,F
NINETTA,F
NINETTE,F
NINNETTA,F
NINNETTE,F
NINON,F
NISA,F
NISSA,F
NISSE,F
NISSIE,F
NISSY,F
NITA,F
NITIN,F
NIXIE,F
NOAMI,F
NOEL,F
NOELANI,F
NOELL,F
NOELLA,F
NOELLE,F
NOELLYN,F
NOELYN,F
NOEMI,F
NOLA,F
NOLANA,F
NOLIE,F
NOLLIE,F
NOMI,F
NONA,F
NONAH,F
NONI,F
NONIE,F
NONNA,F
NONNAH,F
NORA,F
NORAH,F
NOREAN,F
NOREEN,F
NORENE,F
NORINA,F
NORINE,F
NORMA,F
NORRI,F
NORRIE,F
NORRY,F
NOVA,F
NOVELIA,F
NYDIA,F
NYSSA,F
OCTAVIA,F
ODELE,F
ODELIA,F
ODELINDA,F
ODELLA,F
ODELLE,F
ODESSA,F
ODETTA,F
ODETTE,F
ODILIA,F
ODILLE,F
OFELIA,F
OFELLA,F
OFILIA,F
OLA,F
OLENKA,F
OLGA,F
OLIA,F
OLIMPIA,F
OLIVE,F
OLIVETTE,F
OLIVIA,F
OLIVIE,F
OLIY,F
OLLIE,F
OLLY,F
OLVA,F
OLWEN,F
OLYMPE,F
OLYMPIA,F
OLYMPIE,F
ONDREA,F
ONEIDA,F
ONIDA,F
ONLEA,F
OONA,F
OPAL,F
OPALINA,F
OPALINE,F
OPHELIA,F
OPHELIE,F
OPRAH,F
ORA,F
ORALEE,F
ORALIA,F
ORALIE,F
ORALLA,F
ORALLE,F
OREL,F
ORELEE,F
ORELIA,F
ORELIE,F
ORELLA,F
ORELLE,F
ORESTE,F
ORIANA,F
ORLY,F
ORSA,F
ORSOLA,F
ORTENSIA,F
OTHA,F
OTHELIA,F
OTHELLA,F
OTHILIA,F
OTHILIE,F
OTTILIE,F
PACIFICA,F
PAGE,F
PAIGE,F
PALOMA,F
PAM,F
PAMELA,F
PAMELINA,F
PAMELLA,F
PAMMI,F
PAMMIE,F
PAMMY,F
PANDORA,F
PANSIE,F
PANSY,F
PAOLA,F
PAOLINA,F
PARWANE,F
PAT,F
PATIENCE,F
PATRICA,F
PATRICE,F
PATRICIA,F
PATRIZIA,F
PATSY,F
PATTI,F
PATTIE,F
PATTY,F
PAULA,F
PAULA-GRACE,F
PAULE,F
PAULETTA,F
PAULETTE,F
PAULI,F
PAULIE,F
PAULINA,F
PAULINE,F
PAULITA,F
PAULY,F
PAVIA,F
PAVLA,F
PEARL,F
PEARLA,F
PEARLE,F
PEARLINE,F
PEG,F
PEGEEN,F
PEGGI,F
PEGGIE,F
PEGGY,F
PEN,F
PENELOPA,F
PENELOPE,F
PENNI,F
PENNIE,F
PENNY,F
PEPI,F
PEPITA,F
PERI,F
PERIA,F
PERL,F
PERLA,F
PERLE,F
PERRI,F
PERRINE,F
PERRY,F
PERSIS,F
PET,F
PETA,F
PETRA,F
PETRINA,F
PETRONELLA,F
PETRONIA,F
PETRONILLA,F
PETRONILLE,F
PETUNIA,F
PHAEDRA,F
PHAIDRA,F
PHEBE,F
PHEDRA,F
PHELIA,F
PHIL,F
PHILIPA,F
PHILIPPA,F
PHILIPPE,F
PHILIPPINE,F
PHILIS,F
PHILLIDA,F
PHILLIE,F
PHILLIS,F
PHILLY,F
PHILOMENA,F
PHOEBE,F
PHYLIS,F
PHYLLIDA,F
PHYLLIS,F
PHYLLYS,F
PHYLYS,F
PIA,F
PIER,F
PIERETTE,F
PIERRETTE,F
PIETRA,F
PIPER,F
PIPPA,F
PIPPY,F
POLLY,F
POLLYANNA,F
POOH,F
POPPY,F
PORTIA,F
PRIS,F
PRISCA,F
PRISCELLA,F
PRISCILLA,F
PRISSIE,F
PRU,F
PRUDENCE,F
PRUDI,F
PRUDY,F
PRUE,F
PRUNELLA,F
QUEADA,F
QUEENIE,F
QUENTIN,F
QUERIDA,F
QUINN,F
QUINTA,F
QUINTANA,F
QUINTILLA,F
QUINTINA,F
RACHAEL,F
RACHEL,F
RACHELE,F
RACHELLE,F
RAE,F
RAF,F
RAFA,F
RAFAELA,F
RAFAELIA,F
RAFAELITA,F
RAGNHILD,F
RAHAL,F
RAHEL,F
RAINA,F
RAINE,F
RAKEL,F
RALINA,F
RAMONA,F
RAMONDA,F
RANA,F
RANDA,F
RANDEE,F
RANDENE,F
RANDI,F
RANDIE,F
RANDY,F
RANEE,F
RANI,F
RANIA,F
RANICE,F
RANIQUE,F
RANNA,F
RAPHAELA,F
RAQUEL,F
RAQUELA,F
RASIA,F
RASLA,F
RAVEN,F
RAY,F
RAYCHEL,F
RAYE,F
RAYNA,F
RAYNELL,F
RAYSHELL,F
REA,F
REBA,F
REBBECCA,F
REBE,F
REBECA,F
REBECCA,F
REBECKA,F
REBEKA,F
REBEKAH,F
REBEKKAH,F
REE,F
REEBA,F
REENA,F
REETA,F
REEVA,F
REGAN,F
REGGI,F
REGGIE,F
REGINA,F
REGINE,F
REIKO,F
REINA,F
REINE,F
REMY,F
RENA,F
RENAE,F
RENATA,F
RENATE,F
RENE,F
RENEE,F
RENEL,F
RENELL,F
RENELLE,F
RENIE,F
RENNIE,F
RETA,F
RETHA,F
REVKAH,F
REY,F
REYNA,F
RHEA,F
RHEBA,F
RHETA,F
RHETTA,F
RHIAMON,F
RHIANNA,F
RHIANON,F
RHODA,F
RHODIA,F
RHODIE,F
RHODY,F
RHONA,F
RHONDA,F
RIANE,F
RIANNON,F
RIANON,F
RICA,F
RICCA,F
RICI,F
RICKI,F
RICKIE,F
RICKY,F
RIKI,F
RIKKI,F
RINA,F
RISA,F
RISSA,F
RITA,F
RIVA,F
RIVALEE,F
RIVI,F
RIVKAH,F
RIVY,F
ROANA,F
ROANNA,F
ROANNE,F
ROBBI,F
ROBBIE,F
ROBBIN,F
ROBBY,F
ROBBYN,F
ROBENA,F
ROBENIA,F
ROBERTA,F
ROBIN,F
ROBINA,F
ROBINET,F
ROBINETT,F
ROBINETTA,F
ROBINETTE,F
ROBINIA,F
ROBY,F
ROBYN,F
ROCH,F
ROCHELL,F
ROCHELLA,F
ROCHELLE,F
ROCHETTE,F
RODA,F
RODI,F
RODIE,F
RODINA,F
ROMOLA,F
ROMONA,F
ROMONDA,F
ROMY,F
RONA,F
RONALDA,F
RONDA,F
RONICA,F
RONNA,F
RONNI,F
RONNICA,F
RONNIE,F
RONNY,F
ROOBBIE,F
RORA,F
RORI,F
RORIE,F
RORY,F
ROS,F
ROSA,F
ROSABEL,F
ROSABELLA,F
ROSABELLE,F
ROSALEEN,F
ROSALIA,F
ROSALIE,F
ROSALIND,F
ROSALINDA,F
ROSALINDE,F
ROSALINE,F
ROSALYN,F
ROSALYND,F
ROSAMOND,F
ROSAMUND,F
ROSANA,F
ROSANNA,F
ROSANNE,F
ROSARIO,F
ROSE,F
ROSEANN,F
ROSEANNA,F
ROSEANNE,F
ROSELIA,F
ROSELIN,F
ROSELINE,F
ROSELLA,F
ROSELLE,F
ROSELYN,F
ROSEMARIA,F
ROSEMARIE,F
ROSEMARY,F
ROSEMONDE,F
ROSENE,F
ROSETTA,F
ROSETTE,F
ROSHELLE,F
ROSIE,F
ROSINA,F
ROSITA,F
ROSLYN,F
ROSMUNDA,F
ROSY,F
ROW,F
ROWE,F
ROWENA,F
ROXANA,F
ROXANE,F
ROXANNA,F
ROXANNE,F
ROXI,F
ROXIE,F
ROXINE,F
ROXY,F
ROZ,F
ROZALIE,F
ROZALIN,F
ROZAMOND,F
ROZANNA,F
ROZANNE,F
ROZE,F
ROZELE,F
ROZELLA,F
ROZELLE,F
ROZINA,F
RUBETTA,F
RUBI,F
RUBIA,F
RUBIE,F
RUBINA,F
RUBY,F
RUELLA,F
RUPERTA,F
RUTH,F
RUTHANN,F
RUTHANNE,F
RUTHE,F
RUTHI,F
RUTHIE,F
RUTHY,F
RYANN,F
RYCCA,F
SABA,F
SABINA,F
SABINE,F
SABRA,F
SABRINA,F
SACHA,F
SADA,F
SADELLA,F
SADIE,F
SAL,F
SALLEE,F
SALLI,F
SALLIE,F
SALLY,F
SALLYANN,F
SALLYANNE,F
SALOME,F
SAM,F
SAMANTHA,F
SAMARA,F
SAMARIA,F
SAMMY,F
SAMUELA,F
SAMUELLA,F
SANDE,F
SANDI,F
SANDIE,F
SANDRA,F
SANDY,F
SANDYE,F
SAPPHIRA,F
SAPPHIRE,F
SARA,F
SARA-ANN,F
SARAANN,F
SARAH,F
SARAJANE,F
SAREE,F
SARENA,F
SARENE,F
SARETTE,F
SARI,F
SARINA,F
SARINE,F
SARITA,F
SASCHA,F
SASHA,F
SASHENKA,F
SAUDRA,F
SAUNDRA,F
SAVINA,F
SAYRE,F
SCARLET,F
SCARLETT,F
SCOTTY,F
SEAN,F
SEANA,F
SECUNDA,F
SEKA,F
SELA,F
SELENA,F
SELENE,F
SELESTINA,F
SELIA,F
SELIE,F
SELINA,F
SELINDA,F
SELINE,F
SELLA,F
SELLE,F
SELMA,F
SENA,F
SEPHIRA,F
SERENA,F
SERENE,F
SHAINA,F
SHAINE,F
SHALNA,F
SHALNE,F
SHAMIT,F
SHANA,F
SHANDA,F
SHANDEE,F
SHANDIE,F
SHANDRA,F
SHANDY,F
SHANE,F
SHANI,F
SHANIE,F
SHANNA,F
SHANNAH,F
SHANNEN,F
SHANNON,F
SHANON,F
SHANTA,F
SHANTEE,F
SHARA,F
SHARAI,F
SHARI,F
SHARIA,F
SHARIE,F
SHARITY,F
SHARL,F
SHARLA,F
SHARLEEN,F
SHARLENE,F
SHARLINE,F
SHARNA,F
SHARON,F
SHARONA,F
SHARRA,F
SHARRON,F
SHARYL,F
SHAUN,F
SHAUNA,F
SHAWN,F
SHAWNA,F
SHAWNEE,F
SHAY,F
SHAYLA,F
SHAYLAH,F
SHAYLYN,F
SHAYLYNN,F
SHAYNA,F
SHAYNE,F
SHEA,F
SHEBA,F
SHEELA,F
SHEELAGH,F
SHEELAH,F
SHEENA,F
SHEEREE,F
SHEILA,F
SHEILA-KATHRYN,F
SHEILAH,F
SHEILAKATHRYN,F
SHEL,F
SHELA,F
SHELAGH,F
SHELBA,F
SHELBI,F
SHELBY,F
SHELIA,F
SHELL,F
SHELLEY,F
SHELLI,F
SHELLIE,F
SHELLY,F
SHENA,F
SHER,F
SHEREE,F
SHERI,F
SHERIE,F
SHERIL,F
SHERILL,F
SHERILYN,F
SHERLINE,F
SHERRI,F
SHERRIE,F
SHERRY,F
SHERYE,F
SHERYL,F
SHILPA,F
SHINA,F
SHIR,F
SHIRA,F
SHIRAH,F
SHIRL,F
SHIRLEE,F
SHIRLEEN,F
SHIRLENE,F
SHIRLEY,F
SHIRLINE,F
SHOSHANA,F
SHOSHANNA,F
SHOSHIE,F
SIANA,F
SIANNA,F
SIB,F
SIBBIE,F
SIBBY,F
SIBEAL,F
SIBEL,F
SIBELLA,F
SIBELLE,F
SIBILLA,F
SIBLEY,F
SIBYL,F
SIBYLLA,F
SIBYLLE,F
SIDONEY,F
SIDONIA,F
SIDONNIE,F
SIGRID,F
SILE,F
SILEAS,F
SILVA,F
SILVANA,F
SILVIA,F
SILVIE,F
SIMONA,F
SIMONE,F
SIMONETTE,F
SIMONNE,F
SINDEE,F
SINEAD,F
SIOBHAN,F
SIOUX,F
SIOUXIE,F
SISELY,F
SISILE,F
SISSIE,F
SISSY,F
SOFIA,F
SOFIE,F
SOLANGE,F
SONDRA,F
SONIA,F
SONJA,F
SONNI,F
SONNIE,F
SONNNIE,F
SONNY,F
SONYA,F
SOPHEY,F
SOPHI,F
SOPHIA,F
SOPHIE,F
SOPHRONIA,F
SORCHA,F
SOSANNA,F
STACE,F
STACEE,F
STACEY,F
STACI,F
STACIA,F
STACIE,F
STACY,F
STAFANI,F
STAR,F
STARLA,F
STARLENE,F
STARLIN,F
STARR,F
STEFA,F
STEFANIA,F
STEFANIE,F
STEFFANE,F
STEFFI,F
STEFFIE,F
STELLA,F
STEPHA,F
STEPHANA,F
STEPHANI,F
STEPHANIE,F
STEPHANNIE,F
STEPHENIE,F
STEPHI,F
STEPHIE,F
STEPHINE,F
STESHA,F
STEVANA,F
STEVENA,F
STODDARD,F
STOREY,F
STORM,F
STORMI,F
STORMIE,F
STORMY,F
SUE,F
SUE-ELLE,F
SUELLEN,F
SUKEY,F
SUKI,F
SULA,F
SUNNY,F
SUNSHINE,F
SUSAN,F
SUSANA,F
SUSANETTA,F
SUSANN,F
SUSANNA,F
SUSANNAH,F
SUSANNE,F
SUSETTE,F
SUSI,F
SUSIE,F
SUSSI,F
SUSY,F
SUZAN,F
SUZANN,F
SUZANNA,F
SUZANNE,F
SUZETTA,F
SUZETTE,F
SUZI,F
SUZIE,F
SUZY,F
SUZZY,F
SYBIL,F
SYBILA,F
SYBILLA,F
SYBILLE,F
SYBYL,F
SYDEL,F
SYDELLE,F
SYDNEY,F
SYLVIA,F
SYLVIE,F
TABATHA,F
TABBATHA,F
TABBI,F
TABBIE,F
TABBITHA,F
TABBY,F
TABINA,F
TABITHA,F
TAFFY,F
TALIA,F
TALLIA,F
TALLIE,F
TALLY,F
TALYA,F
TALYAH,F
TAMAR,F
TAMARA,F
TAMARAH,F
TAMARRA,F
TAMERA,F
TAMI,F
TAMIKO,F
TAMMA,F
TAMMARA,F
TAMMI,F
TAMMIE,F
TAMMY,F
TAMRA,F
TANA,F
TANDI,F
TANDIE,F
TANDY,F
TANI,F
TANIA,F
TANSY,F
TANYA,F
TARA,F
TARAH,F
TARRA,F
TARRAH,F
TARYN,F
TASHA,F
TASIA,F
TATE,F
TATIANA,F
TATIANIA,F
TATUM,F
TAWNYA,F
TAWSHA,F
TEANE,F
TED,F
TEDDA,F
TEDDI,F
TEDDIE,F
TEDDY,F
TEDI,F
TEDRA,F
TEENA,F
TELLA,F
TEODORA,F
TERA,F
TERESA,F
TERESAANNE,F
TERESE,F
TERESINA,F
TERESITA,F
TERESSA,F
TERI,F
TERIANN,F
TERINA,F
TERRA,F
TERRI,F
TERRI-JO,F
TERRIANNE,F
TERRIE,F
TERRY,F
TERRYE,F
TERSINA,F
TERYL,F
TERZA,F
TESS,F
TESSA,F
TESSI,F
TESSIE,F
TESSY,F
THALIA,F
THEA,F
THEADA,F
THEADORA,F
THEDA,F
THEKLA,F
THELMA,F
THEO,F
THEODORA,F
THEODOSIA,F
THERESA,F
THERESA-MARIE,F
THERESE,F
THERESINA,F
THERESITA,F
THERESSA,F
THERINE,F
THIA,F
THOMASA,F
THOMASIN,F
THOMASINA,F
THOMASINE,F
TIA,F
TIANA,F
TIENA,F
TIERNEY,F
TIERTZA,F
TIFF,F
TIFFANI,F
TIFFANIE,F
TIFFANY,F
TIFFI,F
TIFFIE,F
TIFFY,F
TILDA,F
TILDI,F
TILDIE,F
TILDY,F
TILLIE,F
TILLY,F
TIM,F
TIMI,F
TIMMI,F
TIMMIE,F
TIMMY,F
TIMOTHEA,F
TINA,F
TINE,F
TIPHANI,F
TIPHANIE,F
TIPHANY,F
TISH,F
TISHA,F
TOBE,F
TOBEY,F
TOBI,F
TOBIE,F
TOBY,F
TOBYE,F
TOINETTE,F
TOMA,F
TOMASINA,F
TOMASINE,F
TOMI,F
TOMIKO,F
TOMMI,F
TOMMIE,F
TOMMY,F
TONI,F
TONIA,F
TONIE,F
TONY,F
TONYA,F
TOOTSIE,F
TOREY,F
TORI,F
TORIE,F
TORRIE,F
TORY,F
TOVA,F
TOVE,F
TRACE,F
TRACEE,F
TRACEY,F
TRACI,F
TRACIE,F
TRACY,F
TRENNA,F
TRESA,F
TRESCHA,F
TRESSA,F
TRICIA,F
TRINA,F
TRISH,F
TRISHA,F
TRISTA,F
TRIX,F
TRIXI,F
TRIXIE,F
TRIXY,F
TRUDA,F
TRUDE,F
TRUDEY,F
TRUDI,F
TRUDIE,F
TRUDY,F
TRULA,F
TUESDAY,F
TWILA,F
TWYLA,F
TYBI,F
TYBIE,F
TYNE,F
ULA,F
ULLA,F
ULRICA,F
ULRIKA,F
ULRIKE,F
UMEKO,F
UNA,F
URSA,F
URSALA,F
URSOLA,F
URSULA,F
URSULINA,F
URSULINE,F
UTA,F
VAL,F
VALAREE,F
VALARIA,F
VALE,F
VALEDA,F
VALENCIA,F
VALENE,F
VALENKA,F
VALENTIA,F
VALENTINA,F
VALENTINE,F
VALERA,F
VALERIA,F
VALERIE,F
VALERY,F
VALERYE,F
VALIDA,F
VALINA,F
VALLI,F
VALLIE,F
VALLY,F
VALMA,F
VALRY,F
VAN,F
VANDA,F
VANESSA,F
VANIA,F
VANNA,F
VANNI,F
VANNIE,F
VANNY,F
VANYA,F
VEDA,F
VELMA,F
VELVET,F
VENA,F
VENITA,F
VENTURA,F
VENUS,F
VERA,F
VERADIS,F
VERE,F
VERENA,F
VERENE,F
VERIEE,F
VERILE,F
VERINA,F
VERINE,F
VERLA,F
VERNA,F
VERNICE,F
VERONICA,F
VERONIKA,F
VERONIKE,F
VERONIQUE,F
VI,F
VICKI,F
VICKIE,F
VICKY,F
VICTORIA,F
VIDA,F
VIKI,F
VIKKI,F
VIKKIE,F
VIKKY,F
VILHELMINA,F
VILMA,F
VIN,F
VINA,F
VINITA,F
VINNI,F
VINNIE,F
VINNY,F
VIOLA,F
VIOLANTE,F
VIOLE,F
VIOLET,F
VIOLETTA,F
VIOLETTE,F
VIRGIE,F
VIRGINA,F
VIRGINIA,F
VIRGINIE,F
VITA,F
VITIA,F
VITORIA,F
VITTORIA,F
VIV,F
VIVA,F
VIVI,F
VIVIA,F
VIVIAN,F
VIVIANA,F
VIVIANNA,F
VIVIANNE,F
VIVIE,F
VIVIEN,F
VIVIENE,F
VIVIENNE,F
VIVIYAN,F
VIVYAN,F
VIVYANNE,F
VONNI,F
VONNIE,F
VONNY,F
WALLIE,F
WALLIS,F
WALLY,F
WALY,F
WANDA,F
WANDIE,F
WANDIS,F
WANETA,F
WENDA,F
WENDELINE,F
WENDI,F
WENDIE,F
WENDY,F
WENONA,F
WENONAH,F
WHITNEY,F
WILEEN,F
WILHELMINA,F
WILHELMINE,F
WILIE,F
WILLA,F
WILLABELLA,F
WILLAMINA,F
WILLETTA,F
WILLETTE,F
WILLI,F
WILLIE,F
WILLOW,F
WILLY,F
WILLYT,F
WILMA,F
WILMETTE,F
WILONA,F
WILONE,F
WILOW,F
WINDY,F
WINI,F
WINIFRED,F
WINNA,F
WINNAH,F
WINNE,F
WINNI,F
WINNIE,F
WINNIFRED,F
WINNY,F
WINONA,F
WINONAH,F
WREN,F
WRENNIE,F
WYLMA,F
WYNN,F
WYNNE,F
WYNNIE,F
WYNNY,F
XAVIERA,F
XENA,F
XENIA,F
XYLIA,F
XYLINA,F
YALONDA,F
YEHUDIT,F
YELENA,F
YETTA,F
YETTIE,F
YETTY,F
YEVETTE,F
YOKO,F
YOLANDA,F
YOLANDE,F
YOLANE,F
YOLANTHE,F
YONINA,F
YOSHI,F
YOSHIKO,F
YOVONNDA,F
YVETTE,F
YVONNE,F
ZABRINA,F
ZAHARA,F
ZANDRA,F
ZANETA,F
ZARA,F
ZARAH,F
ZARIA,F
ZARLA,F
ZEA,F
ZELDA,F
ZELMA,F
ZENA,F
ZENIA,F
ZIA,F
ZILVIA,F
ZITA,F
ZITELLA,F
ZOE,F
ZOLA,F
ZONDA,F
ZONDRA,F
ZONNYA,F
ZORA,F
ZORAH,F
ZORANA,F
ZORINA,F
ZORINE,F
ZSA ZSA,F
ZSAZSA,F
ZULEMA,F
ZUZANA,F
YERALDYN,F
